Alimento,Medida usual,g ou ml,CHO (g),Calorias (kcal),Página do manual
Abacate,1 fatia,90,5,86,49
Abacate (picadinho),1 colher de sopa,45,3,34,49
Abacaxi,1 fatia média,75,10,44,49
Abacaxi em calda,1 fatia média,64,19,78,49
"Abacaxi, polpa, congelada",1 unidade,100,8,31,49
"Abacaxi, suco de com acucar",1 copo duplo cheio,240,25,103,49
Abadejo assado,1 filé médio,100,0,112,49
Abará,1 unidade média,170,24,414,49
Abiu cru,1 unidade,100,15,62,49
"Abóbora cabotian, cozida",1 colher de sopa,36,3,14,49
"Abóbora Cabotian, crua",1 colher de sopa,36,4,17,49
Abóbora d’água (picada),1 colher de sopa cheia,36,0,10,49
Abóbora doce (picada),1 colher de sopa cheia,36,4,18,49
Abóbora moranga (picada),1 colher de sopa cheia,36,1,7,49
Abobrinha recheada,1 unidade,100,6,89,49
"Abobrinha, italiana, cozida",1 colher de sopa,20,0,3,49
"Abobrinha, italiana, crua",1 colher de sopa,20,1,4,49
"Abobrinha, paulista, crua",1 colher de sopa,20,2,6,49
Abricó-do-pará,1 fatia média,100,13,64,49
Açafrão em pó,1 colher de sopa cheia,16,12,54,49
Açaí (polpa concentrada com farinha de mandioca),1 copo pequeno,150,85,339,49
Açaí (polpa concentrada com farinha de tapioca),1 copo pequeno,150,85,340,49
Açaí (polpa natural concentrada),1 copo pequeno,150,55,220,49
Açaí (polpa) com xarope de guaraná e glicose,1 taça pequena,100,21,110,49
Açai natural Frooty ®,1 bola,60,13,64,49
Açaí natural Frooty zero ®,1 bola,60,10,35,49
Açaí polpa congelada (sem adição de açúcar),1 unidade,100,6,58,50
"Açaí, suco de",1 copo duplo cheio,240,72,438,50
Acarajé,1 unidade média,100,22,282,50
Acelga (picada),1 colher de sopa cheia,6,0,2,50
Acém magro cozido,1 pedaço médio,100,0,215,50
Acerola,1 unidade,12,1,4,50
Achocolatado Diet Gold ®,1 colher de sopa,5,3,11,50
Achocolatado Diet Linea ®,1 colher de sopa,5,3,14,50
Achocolatado light Nescau ®,1 colher de sopa,10,8,35,50
Achocolatado light Toddy ®,1 colher de sopa,10,8,36,50
Achocolatado tradicional Nescau ®,1 colher de sopa,10,9,37,50
Achocolatado tradicional Toddy ®,1 colher de sopa,10,9,40,50
Açúcar branco refinado,1 colher de sopa cheia,30,30,116,50
Açúcar cristal,1 colher de sopa cheia,24,24,96,50
Açúcar de coco,1 colher de chá,5,5,19,50
Açúcar mascavo,1 colher de sopa cheia,19,17,70,50
Adoçante Linea Forno e Fogão,1 colher de sopa,1,1,4,50
Adoçante Tal e Qual forno e fogão,1 colher de sopa,2,2,8,50
Adoçante Use Metade Forno e Fogão,1 colher de sopa,10,9,37,50
Agrião (picado),1 colher de sopa cheia,7,0,2,50
Agriao refogado,1 colher de sopa cheia,25,1,19,50
Água de coco industrializada Sococo ®,1 copo,200,11,44,50
Água de coco verde,1 copo,200,11,44,50
Água tônica Antarctica ®,1 lata,350,17,73,51
Água tônica zero Antarctica ®,1 lata,350,0,0,51
Aguardente,1 dose,50,0,109,51
Aipim cozido (macaxeira ou mandioca),pedaço grande,100,30,120,51
Aipim frito (macaxeira ou mandioca),pedaço grande,100,50,304,51
Aipo inteiro (picado),1 colher de sopa cheia,10,0,2,51
Alcachofra cozida,1 pedaco médio,90,11,45,51
Alcaparra,1 colher de sopa cheia,27,1,10,51
Alface americana crua,1 folha média,10,0,1,51
Alface crespa crua,1 folha média,10,0,1,51
Alface lisa crua,1 folha média,10,0,1,51
Alface roxa crua,1 folha média,10,0,1,51
Alfajor ao leite Cacau Show ®,1 unidade,40,23,120,51
Alfajor recheado com doce de leite Brasil Cacau ®,1 unidade,25,15,98,51
Alfarroba em pó Carob House ®,1 colher de sopa,20,13,58,51
Alfavaca crua,1 folha média,10,0,3,51
Algodão Doce,1 unidade,30,30,116,51
Algodão doce (Mavalério),1 embalagem,35,35,140,51
Algodão doce tuti - frutti Snow Sugar ®,1/2 xícara de chá,5,5,20,51
Algodão doce uva Snow Sugar ®,1/2 xícara de chá,5,5,20,51
Alho cru,2 dentes,6,2,8,51
Alho poró cru,1 porcao pequena,20,3,11,51
All bran,1 colher de sopa cheia,9,4,23,51
Almeirão cru (picado),1 colher de sopa cheia,10,0,0,52
Almôndega bovina,1 unidade média,50,4,102,52
Ambrosia,2 colheres de sopa cheias,80,23,137,52
Ameixa de queijo,1 unidade,12,7,36,52
Ameixa preta em calda,1 unidade média,7,5,20,52
Ameixa preta fresca,1 unidade media,42,4,18,52
Ameixa preta seca,1 unidade média,5,2,9,52
Ameixa vermelha,1 unidade media,5,2,9,52
"Ameixa, passa de",1 colher de sopa cheia,15,10,44,52
Amêndoa,1 unidade média,3,1,13,52
Amendoim caramelizado,1 pacote pequeno,20,14,95,52
Amendoim cozido,2 colheres de sopa,34,7,108,52
Amendoim torrado salgado,2 colheres de sopa,34,5,194,52
"Amendoim, grão cru",2 colheres de sopa,34,5,194,52
Amido de arroz,1 colher de sopa cheia,20,17,70,52
Amido de milho,1 colher de sopa cheia,20,17,69,52
"Amora (branca, preta e vermelha)",1 unidade média,8,1,5,52
"Amora, geléia de (com açúcar)",1 colher de sopa cheia,40,23,93,52
"Amora, geléia de (Linea ®)",1 colher de sopa,20,8,23,52
Angu,1 colher de sopa cheia,35,9,44,52
Antepasto abobrinha escabeche,1 colher de sopa cheia,30,4,57,52
Antepasto alichella,1 colher de sopa cheia,30,1,106,52
Antepasto berinjela,1 colher de sopa cheia,30,4,88,52
Antepasto sardella,1 colher de sopa cheia,30,5,160,53
Apfelstrudell (folheado de maçã),1 porção grande,220,59,396,53
Apresuntado,1 fatia média,15,0,69,53
Araçá,1 colher de sopa cheia,20,3,12,53
Arroz à grega,1 colher de sopa cheia,25,7,35,53
Arroz à grega,1 colher de servir,60,18,75,53
Arroz a piamontese,1 colher de servir cheia,55,11,100,53
Arroz branco cozido,1 colher de servir arroz,45,15,74,53
Arroz branco cozido,1 colher de sopa cheia,20,6,26,53
Arroz carreteiro,1 colher de servir,45,5,70,53
Arroz com amendoas,1 colher de servir,60,18,75,53
Arroz com galinha,1 colher de sopa cheia,25,6,45,53
Arroz com lentilha,1 colher de servir cheia,55,11,80,53
Arroz com lingüiça,1 colher de servir cheia,55,11,92,53
Arroz com pequi,1 colher de servir cheia,55,13,95,53
Arroz de aveia Quaker®,1 colher de sopa,10,7,38,53
Arroz de Cabidela (ao molho pardo),! Coher de servir cheia,55,7,85,53
Arroz de cuxá,1 colher de servir cheia,55,11,66,53
Arroz doce com açúcar,1 colher de sopa cheia,40,13,66,53
Arroz integral cozido,1 colher de sopa cheia,20,5,25,53
Arroz Negro cozido,1 colher de sopa cheia,25,8,40,54
Arroz para sushi com açúcar e sal,1 colher de sopa rasa,25,7,35,54
Arroz selvagem,1 colher de servir cheia,55,12,55,54
Arroz sírio,1 colher de servir,45,13,69,54
"Arroz, farinha de",1 colher de sopa cheia,17,14,62,54
"Arroz, flocos de",1 colher de sopa cheia,14,11,49,54
Aspargo em conserva,1 unidade média,7,0,2,54
Ata (fruta do conde),1 unidade média,60,9,41,54
Ataif,1 porção,100,13,124,54
Atum em água,1 colher de sopa cheia,16,0,45,54
Aveia em flocos crua,1 colher de sopa cheia,15,10,56,54
"Aveia, farinha de (crua)",1 colher de sopa cheia,18,12,71,54
"Aveia, flocos finos Quaker ®",1 colher de sopa,15,8,52,54
Avelã,1 unidade média,1,0,6,54
Azeite de dendê industrializado,1 colher de sopa,8,0,71,54
Azeite de oliva (extra),1 colher de sopa,8,0,72,54
Azeitona preta (parte comest.),1 unidade média,3,0,7,54
Azeitona verde (parte comest.),1 unidade média,4,0,12,54
Baba de moça,1 colher de sopa cheia,30,27,150,54
Babaganuche,1 porção,100,6,84,54
Bacaba,1 copo pequeno,150,10,320,54
Bacalhau a Gomes de Sá,1 porção,100,13,151,54
Bacalhau com natas,1 porção,100,13,155,55
Bacalhau Espiritual,1 porção,100,20,216,55
Bacalhau refogado,1 porção,100,1,140,55
Bacalhoada,1 colher de sopa,30,2,51,55
Bacallhau cozido,1 escumadeira média,60,0,88,55
Bacon,1 fatia média,15,0,99,55
Bacon Baked Potato ®,1 concha,20,0,92,55
Baconzitos (Elma Chips®),1 xícara,17,9,82,55
Bacuri,1 unidade média (polpa),90,0,870,55
Baguete congelada Qualitá ®,1 unidade pequena,50,25,124,55
Baião de dois,1 escumadeira cheia,100,20,136,55
Bala 7 belo ®,1 unidade,5,4,20,55
Bala de banana,1 unidade,17,4,15,55
Bala de caramelo Embare ®,1 unidade,6,5,27,55
Bala de coco,1 unidade,5,5,20,55
Bala de goma,1 unidade,3,3,11,55
Bala de mel Arcor ®,1 unidade,6,6,22,55
Bala Delícia,1 unidade,5,4,20,55
Bala Fini bananas ®,1 unidade,6,5,21,55
Bala Fini beijos ®,1 unidade,7,6,24,55
Bala Fini dentaduras ®,1 unidade,6,5,21,55
Bala Fini minhoca ®,1 unidade,6,5,21,55
Bala Fini tubinhos ®,1 unidade,6,6,26,55
Bala Halls ®,1 unidade,3,3,13,55
Bala Jujuba,1 unidade,3,3,12,55
Bala macia,1 unidade,5,5,20,55
Bala mentos mint ®,1 unidade,3,2,10,55
Bala mentos rainbow ®,1 unidade,3,2,9,55
Bala Tic Tac ®,1 caixa,16,16,63,56
Bala Toffees Chocolate Arcor ®,1 unidade,7,4,31,56
Bala yogurte ®,1 unidade,5,4,19,56
"Bambu, brotos de",1 pires de chá,10,0,3,56
Banana à milanesa,1 unidade média,100,24,185,56
Banana caramelada,1 unidade média,50,29,114,56
Banana caturra ou Nanica,1 unidade média,86,20,79,56
Banana da terra crua,1 unidade grande,100,27,117,56
Banana frita da terra,1 fatia media,31,10,68,56
Banana maçã,1 unidade média,65,17,72,56
Banana ouro,1 unidade média,40,9,42,56
Banana pacova madura cozida sem casca,1 colher de sopa cheia,35,12,48,56
Banana pacova madura frita (picada),1 colher de sopa cheia,35,18,96,56
Banana pacova madura in natura (picada),1 colher de sopa cheia,30,11,45,56
Banana pacova verde frita,1 colher de sopa cheia,35,30,138,56
Banana prata crua,1 unidade média,55,14,54,56
Banana prata crua,1 unidade pequena,40,10,39,56
Bananada,1 unidade media,40,27,115,56
Banha de porco,1 colher de sopa cheia,10,0,90,56
Barra de cereais 3 grãos integrais choconut Línea ®,1 unidade,20,11,73,56
Barra de cereais 3 grãos integrais zero açúcar sabor banana com aveia Línea®,1 unidade,20,13,63,56
Barra de cereais 3 grãos integrais zero açúcar sabor cookies’s cream Línea®,1 unidade,20,13,70,56
Barra de cereais zero açúcar sabor banana + nozes &Joy®,1 unidade,25,"8,7",115,58
Barra de cereais zero açúcar sabor brownie Ritter®,1 unidade,25,16,97,58
Barra de cereais zero açúcar sabor caramelo salgado e chocolate branco Ritter®,1 unidade,22,14,94,58
Barra de cereais zero açúcar sabor mocca café e chocolate branco Ritter®,1 unidade,22,15,91,58
Barra de cereais zero açúcar sabor morango e chocolate branco Ritter®,1 unidade,22,15,90,58
Barra de cereais zero açúcar sabor morango e chocolate Trio®,1 unidade,20,"9,3",140,58
"Barra de cereal Banana, Aveia e Mel Light TAEQ ®",1 unidade,22,14,71,58
Barra de cereal comum (média),1 unidade,25,18,97,58
Barra de cereal diet (média),1 unidade,25,15,67,58
Barra de cereal light (média),1 unidade,25,16,75,58
Barra de Cereal Nuts Original Nutry ®,1 unidade,30,11,158,58
Barra de frutas (Supino) ®,1 unidade,24,17,86,58
Barra de frutas proteica (Supino) ®,1 unidade,30,12,86,58
Barra de frutas zero açúcar (Supino) ®,1 unidade,24,17,84,58
Barra de proteína 7 grãos amedoim Da Magrinha®,1 unidade,15,"6,8",68,58
Barra de proteína 7 grãos cacau Da Magrinha®,1 unidade,15,6,69,58
Barra de Proteina zero adição de açúcar Crunch sabor cookies & cream Bold®,1 unidade,54,14,170,58
Barra de Proteina zero adição de açúcar Crunch sabor morango e chantlly Bold®,1 unidade,50,14,174,59
Barra de Proteina zero adição de açúcar sabor pistache Bold®,1 unidade,60,17,240,59
Barra de Proteina zero adição de açúcar sabores YoPro Nutrata®,1 unidade,55,15,229,59
Barra de Proteina zero adição de açúcar Thin sabor avelã branco Bold®,1 unidade,40,12,149,59
Barra de Proteina zero adição de açúcar Thin sabor bonbom de coco Bold®,1 unidade,40,12,151,59
Barra de Proteina zero adição de açúcar Thin sabor caramelo crocante Bold®,1 unidade,40,12,141,59
Barra de Proteina zero adição de açúcar Thin sabor caramelo e amendoim Bold®,1 unidade,40,12,144,59
Barra de Proteina zero adição de açúcar Thin sabor cookies & cream Bold®,1 unidade,40,12,139,59
Barra de proteínas (média),1 unidade,30,10,100,59
Barra de proteínas plant based (Essential) ®,1 unidade,50,11,183,59
Barra nuts castanhas e sementes (Banana Brasil) ®,1 unidade,25,9,132,59
Barra nuts castanhas e sementes zero açúcar (Banana Brasil) ®,1 unidade,25,9,132,59
"Barra nuts castanhas, cacau e coco (Banana Brasil) ®",1 unidade,25,8,123,59
Barra proteica zero açúcar sabor amemndoim com chocolate Win Stage®,1 unidade,54,20,202,60
Barra proteica zero açúcar sabor banana com chocolate Win Stage®,1 unidade,54,21,210,60
Barra proteica zero açúcar sabor banana com chocolate Win Stage®,1 unidade,54,20,204,60
Barra proteica zero açúcar sabor chocolate com amendoas Win Stage®,1 unidade,54,21,202,60
Barra proteica zero açúcar sabor chocolate com avelâ Win Stage®,1 unidade,54,24,202,60
Barra proteica zero açúcar sabor morago Win Stage®,1 unidade,54,22,205,60
Barra proteica zero açúcar sabor vanilla coffe Win Stage®,1 unidade,54,20,202,60
Batata (Baked Potato),1 unidade,470,83,369,60
Batata doce amarela assada (picada),1 colher de sopa cheia,30,10,43,60
Batata doce branca cozida (picada),1 colher de sopa cheia,30,8,38,60
Batata doce cozida,1 colher sopa cheia,42,10,43,60
Batata doce frita,1 fatia media,65,39,249,60
"Batata doce, doce de",1 colher de sopa cheia,40,24,94,60
Batata frita Burguer King ®,1 porção média,0,37,320,60
Batata frita canoa Bob’s ®,1 porção média,0,46,307,60
Batata frita chips,1 punhado,13,6,70,60
Batata frita Habib’s ®,1 porção média,100,33,252,60
Batata frita palito Bob’s ®,1 porção média,0,41,259,60
Batata fritas Mc’ Donalds ®,1 porção média,0,35,295,60
Batata fritas McFritas Kids Mc’ Donalds ®,1 porção,0,11,87,60
Batata inglesa cozida,1 colher de sopa cheia,30,6,26,61
Batata inglesa frita,1 escumadeira media cheia,65,23,182,61
Batata inglesa Sauté,1 colher de sopa cheia,25,4,37,61
Batata palha,Colher de sopa cheia,13,6,78,61
Batata palha,1 xícara de chá,30,13,180,61
Batata pringles ®,14 unidades,25,13,131,61
Batata smiles Mccain ®,1 unidade,21,7,42,61
"Batata, amido de",1 colher de sopa cheia,16,13,53,61
"Batata, fécula de",1 colher de sopa cheia,20,16,66,61
Batata-baroa ou mandioquinha (picada),1 colher de sopa,30,5,33,61
Baton (chocolate ao leite Garoto),1 unidade,16,9,86,61
Beijinho,1 unidade,25,11,105,61
Beijinho,1 unidade pequena,6,3,25,61
Beijinho diet,1 unidade pequena,6,2,20,61
Beijinho-de-coco Nestle,1 colher de sopa,20,11,63,61
Beiju,1 unidade media,100,87,359,61
Beiju com Coco,1 unidade grande,125,77,622,61
Beiju de queijo com manteiga,1 unidade média,150,87,518,61
Beirute de frango crocante Habib’s ®,1 unidade,553,84,1269,61
Beirute Habibão Habib’s ®,1 unidade,636,45,1709,61
Beirute tradicional de rosbife Habib’s ®,1 unidade,418,56,919,61
Bekleua,1 porção,100,20,290,61
Bem casado,1 unidade,40,25,160,61
Berinjela cozida sem sal,1 colher de sopa cheia,25,2,8,61
Berinjela ensopada,1 escumadeira media rasa,75,6,56,62
Berinjela frita,1 rodela média,13,1,10,62
Bertalha refogada,1 pires,100,4,45,62
Beterraba cozida (picada),1 colher de sopa cheia,20,2,9,62
Beterraba crua,1 colher de sopa cheia,16,1,7,62
Bib’s Cebola Caramelizada Habib’s ®,1 unidade,266,37,938,62
Bib’s Chicken BBQ Habib’s ®,1 unidade,289,59,676,62
Bib’s Classic Burger Habib’s ®,1 unidade,276,40,891,62
Bib’Sfiha Cheddar Burger Habib’s ®,1 unidade,296,34,985,62
Bib’Sfiha Salad Burger Habib’s ®,1 unidade,327,36,973,62
Bib’s salada bacon Habib’s ®,1 unidade,271,29,876,62
Bib’sfiha de Calabresa com mussarela Habib’s ®,1 unidade,70,19,186,62
Bib’sfiha de Carne Habib’s ®,1 unidade,75,23,193,62
Bib’sfiha de Frango Habib’s ®,1 unidade,75,23,180,62
Bib’sfiha de Queijo Habib’s ®,1 unidade,70,22,210,62
Bife à milanesa,1 unidade media,80,8,230,62
Bife à parmegiana,1 unidade média,150,13,490,62
Bife à Role,1 unidade grande,150,4,268,62
Bife de boi,1 unidade média,100,0,228,62
Bife de fígado,1 unidade média,100,6,216,62
Big Bob Bob’s ®,1 unidade,0,38,509,62
Big Bob frango Bob’s ®,1 unidade,0,38,494,62
Big Bob Veggie Carne ®,1 unidade,0,42,491,62
Big Mac McDonald’s ®,1 unidade,210,41,503,62
Big Tasty McDonald’s ®,1 unidade,337,41,837,62
Bis Lacta ®,1 unidade,6,4,31,62
Biscoito 7 grãos Da Magrinha® (média dos sabores),1 unidade,5,3,17,63
Biscoito amanteigado banana e canela,1 unidade,5,4,25,63
Biscoito Cracker 7 grãos Da Magrinha® (média dos sabores),1 unidade,4,2,12,63
Biscoito cream cracker (média),1 unidade,5,4,22,63
Biscoito de água e sal,1 unidade,8,5,34,63
Biscoito de arroz (Camil),1 unidade pequena,2,2,9,63
Biscoito de arroz Jasmine ®,1 unidade grande,6,5,23,63
Biscoito de aveia e mel Nestlé ®,1 unidade,6,4,26,63
Biscoito de castanha do Pará,1 unidade,9,7,46,63
Biscoito de coco Piraquê ®,1 unidade,5,3,23,63
Biscoito de polvilho (rosquinha),1 unidade,3,2,13,63
Biscoito de proteína sabor amendoim WheyViv®,1 pacotinho,45,12,142,63
Biscoito de proteína sabor amendoim WheyViv®,1 unidade,4,1,12,63
Biscoito de proteína sabor banana com canela WheyViv®,1 pacotinho,45,10,136,63
Biscoito de proteína sabor banana com canela WheyViv®,1 unidade,4,1,11,63
Biscoito de proteína sabor chocolate WheyViv®,1 pacotinho,45,14,135,63
Biscoito de proteína sabor chocolate WheyViv®,1 unidade,4,2,11,63
Biscoito de proteína sabor coco WheyViv®,1 pacotinho,45,14,137,63
Biscoito de proteína sabor cookies WheyViv®,1 pacotinho,45,16,135,63
Biscoito de proteína sabor cookies WheyViv®,1 unidade,5,2,14,64
Biscoito de proteína sabor gergelim WheyViv®,1 pacotinho,45,12,151,64
Biscoito de proteína sabor suspiro WheyViv®,1 pacotinho,25,6,66,64
Biscoito de proteína sabor suspiro WheyViv®,1 unidade,1,0,2,64
Biscoito de queijo,1 unidade,12,6,51,64
Biscoito leite maltado Piraquê ®,1 unidade,5,3,23,64
Biscoito maçã e canela nesfit ®,1 unidade,5,3,22,64
Biscoito maisena Nestlé ®,1 unidade,5,4,22,64
Biscoito maisena zero açúcar Lowçucar®,1 unidade,4,3,15,64
Biscoito maria Nestlé ®,1 unidade,6,4,26,64
Biscoito maria zero açúcar Lowçucar®,1 unidade,8,3,19,64
Biscoito passatempo coberto com chocolate Nestlé ®,1 unidade,10,7,46,64
Biscoito passatempo recheio chocolate Nestlé ®,1 unidade,10,8,45,64
Biscoito passatempo recheio doce de leite Nestlé ®,1 unidade,10,7,46,64
Biscoito passatempo recheio morango Nestlé ®,1 unidade,10,8,45,64
Biscoito passatempo sem recheio ®,1 unidade,6,4,22,64
Biscoito prestígio recheado São Luiz Nestlé ®,1 unidade,15,10,71,64
Biscoito prestígio wafer Nestlé ®,1 unidade,8,5,43,64
Biscoito Protein cookie 7 grãos Da Magrinha® (média dos sabores),1 unidade mini,3,2,14,64
Biscoito recheado bono chocolate Nestlé ®,1 unidade,10,6,46,65
Biscoito recheado chocolate (média),1 unidade,13,9,62,65
Biscoito salgado gergelim Piraquê ®,1 unidade,10,5,32,65
Biscoito tipo cookie gotas de chocolate bauduco ®,1 unidade,10,6,51,65
Biscoito tipo cookie nescau due nestlé ®,1 pacote,20,13,97,65
Biscoito tipo wafer (média),1 unidade,7,5,38,65
Biscoito tostines cream cracker São Luiz Nestle ®,1 unidade,8,5,37,65
Biscoito tostines leite ®,1 unidade,8,6,37,65
Biscoitos de farinha integral,1 unidade,10,7,40,65
Biscoitos de glúten a 40%,1 unidade,10,3,29,65
Biscoitos de glúten puro,1 unidade,10,8,35,65
Biscoitos doces,1 unidade,8,6,33,65
Bisnaguinha integral Wickbold ®,1 unidade,17,8,46,65
Bisnaguinha Pullman,1 unidade,20,11,62,65
Bisnaguinha Seven Boys ®,1 unidade,17,9,48,65
BK Burger do BK burger king ®,1 unidade,0,31,678,65
BK Chicken Crispy burger king ®,1 unidade,0,42,406,65
BK original burger king ®,1 unidade,0,32,714,65
BK original cheddar burger king ®,1 unidade,0,33,541,65
Blanquet de peru sadia ®,4 fatias,60,3,57,65
Blis Frutas Vermelhas,1 unidade,180,29,158,65
Bliss morango,1 unidade,200,31,168,65
Bloody Mary,1 coquetel,148,5,123,65
Bob’s Burgão ®,1 unidade,0,51,779,65
Bob’s burguer ®,1 unidade,0,28,661,65
Bob’s burguer celebrativo ®,1 unidade,0,35,279,66
Bob’s burguer frango ®,1 unidade,0,31,286,66
Bob’s burguer veggie carne ®,1 unidade,0,31,301,66
Bob’s chedar ®,1 unidade,0,27,267,66
Bob’s costela ®,1 unidade,0,52,725,66
Bob’s Premium ®,1 unidade,0,29,845,66
Bolacha de nata Panco ®,1 unidade,5,4,22,66
Bolacha sabor chocolate trakinas ®,1 unidade,10,8,48,66
Bolacha sabor mais morango Trakinas ®,1 unidade,10,8,49,66
Bolacha sabor meio chocolate ao leite meio chocolate branco trakinas ®,1 unidade,10,8,48,66
Bolinha de queijo,1 unidade pequena,10,3,27,66
Bolinho de aipim com carne seca,1 unidade média,45,12,86,66
Bolinho de arroz,1 unidade,40,20,164,66
Bolinho de bacalhau,1 unidade media,15,3,42,66
Bolinho de bacalhau Habib’s ®,1 unidade,30,5,87,66
Bolinho de carne,1 unidade,50,8,67,66
Bolinho de Carne,1 unidade,50,8,67,66
Bolinho de Chuva,1 unidade pequena,30,13,81,66
Bolinho de estudante (Bolinho Ana Maria),1 unidade média,80,49,292,66
Bolinho de Presunto e Queijo,1 unidade,50,12,73,66
Bolinho de Queijo,1 unidade,50,16,137,66
Bolinho de soja tipo salsicha (Ta’amti) - Albee ®,4 unidades,90,28,232,66
Bolo alemão,1 fatia,60,30,227,66
Bolo comum baunilha Dona Benta ®,1 fatia média,60,30,143,66
Bolo comum com glacê e recheio,1 fatia média,100,65,384,67
Bolo de aipim com coco,1 fatia media,80,37,243,67
Bolo de aipim Dona Benta ®,1 fatia média,60,33,147,67
Bolo de arroz,1 fatia média,70,39,197,67
Bolo de banana,1 fatia média,70,33,211,67
Bolo de batata-doce,1 fatia média,90,43,292,67
Bolo de Brigadeiro,1 fatia pequena,50,20,147,67
Bolo de brigadeiro Dona Benta ®,1 fatia média,60,28,147,67
Bolo de brigadeiro recheado (doceria/festa),1 fatia pequena,100,55,352,67
Bolo de brownie Dona Benta ®,1 fatia média,60,36,155,67
Bolo de casamento,1 fatia pequena,75,42,285,67
Bolo de cenoura,1 fatia média,60,38,227,67
Bolo de cenoura Dona Benta ®,1 fatia média,60,28,121,67
Bolo de cenoura Fleischmann ®,1 fatia média,60,30,133,67
Bolo de chocolate (recheio/ cobertura),1 fatia média,100,54,320,67
Bolo de chocolate com avelã Dona Benta ®,1 fatia média,60,29,152,67
Bolo de chocolate Dona Benta ®,1 fatia média,60,30,145,67
Bolo de Chocolate e Nozes,1 fatia pequena,50,17,175,67
Bolo de chocolate sem glacê,1 fatia média,60,34,306,67
Bolo de coco,1 fatia grande,100,54,317,67
Bolo de coco Dona Benta ®,1 fatia média,60,30,143,67
Bolo de festa (recheio/ cobertura),1 fatia média,100,54,320,67
Bolo de festa diet (recheio/ cobertura),1 fatia média,80,20,220,67
Bolo de fubá,1 fatia média,50,20,160,68
Bolo de fubá Dona Benta ®,1 fatia média,60,30,140,68
Bolo de laranja Dona Benta ®,1 fatia média,60,30,143,68
Bolo de limão,1 fatia média,60,37,233,68
Bolo de mandioca (aipim),1 pedaço grande,100,48,324,68
Bolo de milho,1 fatia média,60,32,174,68
Bolo de milho Dona Benta ®,1 fatia média,60,30,143,68
Bolo de nozes,1 fatia média,50,28,200,68
Bolo Floresta Branca com Cereja,1 fatia média,100,38,366,68
Bolo Floresta Negra com Morango,1 fatia média,100,20,212,68
Bolo Merengue,1 fatia pequena,50,11,116,68
Bolo Mousse de Chocolate,1 fatia pequena,50,20,173,68
Bolo mousse de chocolate (doceria),1 fatia pequena,60,23,185,68
Bolo mousse de chocolate Dona Benta ®,1 fatia média,60,27,128,68
Bolo petit gateau Dona Benta ®,1 fatia média,60,29,142,68
Bolo simples (sem cobertura),1 fatia média,60,31,214,68
Bolo simples diet (sem cobertura),1 fatia média,60,21,154,68
Bomba de chocolate,1 unidade,48,9,163,68
Bombom Alpino ®,1 unidade,13,8,70,68
Bombom Avelã zero açúcar Kopenhagen ®,1 unidade,20,9,112,68
Bombom banana Caribe Garoto ®,1 unidade,17,12,65,68
Bombom charge Nestlé ®,1 unidade,40,23,195,68
Bombom chokito Nestlé ®,1 unidade,32,24,140,68
Bombom Copinho de Torrone ®,1 unidade,10,6,54,68
Bombom de Brigadeiro Florybal ®,1 unidade,15,7,74,69
Bombom diet Cacau Show ®,1 unidade,13,13,122,69
Bombom Ferrero Rocher ®,1 unidade,12,6,75,69
Bombom Flocos,1 unidade,10,6,52,69
Bombom It coco Garoto ®,1 unidade,17,11,80,69
Bombom lajotinha Kopenhagen ®,1 e 1/4 unidades,25,12,141,69
Bombom língua de gato zero açúcar Kopenhagen ®,1 e 1/4 unidades,25,11,139,69
Bombom nhá benta kopenhagen ®,1 unidade,15,7,71,69
Bombom Ouro Branco ®,1 unidade,20,12,104,69
Bombom prestígio Nestle ®,1 unidade,32,22,152,69
Bombom Raffaello ®,1 unidade,10,4,62,69
Bombom Sonho de Valsa ®,1 unidade,20,13,105,69
Bombom Trufa de Cereja,1 unidade,10,6,45,69
Bombom truffa de creme de cereja Cacau Show ®,1 unidade,25,12,123,69
Brezel (Pretzel),17 unidades pequenos,28,23,110,69
Brigadeiro,1 unidade pequena,15,9,60,69
Brigadeiro,1 unidade média,30,16,103,69
Brigadeiro de chocolate meio amargo,1 unidade média,30,20,99,69
Brigadeiro de Flocos,1 unidade,15,9,60,69
Brigadeiro de Morango,1 unidade,15,9,60,69
Brigadeiro diet,1 unidade pequena,10,4,25,69
Broa de Milho,1 unidade,50,25,128,69
Brócolis com cottage (Baked Potato),1 concha,80,3,31,69
Brócolis cozido (picado),1 colher de sopa cheia,10,0,4,69
Buchada de bode,1 colher de sopa,25,1,32,69
Burger King ®,1 unidade,197,32,458,69
Buriti,3 unidades,9,1,15,70
Cação em posta cozido,1 posta média,100,0,116,70
Cacau em pó,1 colher de Sopa,10,2,8,70
Cacau em pó Mãe Terra®,1 colher de sopa,10,2,23,70
Cachaça,1 dose,50,0,115,70
Cachorro quente (média),1 unidade,125,31,330,70
Café coado com açúcar,1 xícara de café,50,5,19,70
Café coado com açúcar,1 xícara de chá,200,20,76,70
Café coado sem açúcar,1 xícara de café,50,0,4,70
Café com leite 3 corações® (cápsula),1 cápsula,9,5,37,70
Café com leite com açúcar,1 xícara de chá cheia,200,17,128,70
Café com leite sem açúcar,1 xícara de chá cheia,200,7,88,70
Café expresso 3 corações® (cápsula),1 cápsula,8,0,0,70
Café solúvel,1 colher de sopa,4,1,4,70
Café solúvel,1 colher de chá,1,0,0,70
Café tradicional filtrado 3 corações® (cápsula),1 cápsula,8,0,0,70
Caipirinha com açúcar,1 copo,200,30,340,70
Caipirinha sem açúcar,1 copo,200,3,232,70
Cajá manga,1 unidade grande,75,9,38,70
Cajá manga,1 unidade média,55,7,28,70
Cajá manga,1 unidade pequena,40,5,20,70
Cajá polpa congelada,1 porção,100,6,26,70
Cajú,1 unidade média,90,9,39,70
Caju polpa congelada,1 porção,100,9,37,70
"Caju, suco concentrado",1 copo,200,21,90,70
Cajuzinho,1 unidade pequena,12,6,50,70
Cajuzinho,1 unidade média,25,13,106,70
Cajuzinho,1 unidade grande,40,20,169,70
Calda de caramelo,1 Colher de Sopa,10,7,31,71
Calda de chocolate,1 colher de sopa,10,5,31,71
Calda de morango,1 Colher de Sopa,10,7,25,71
Caldo de cana,1 copo,200,36,130,71
Caldo de carne Knorr®,1 tablete,10,3,30,71
Caldo de feijão,1 Concha média,150,16,254,71
Caldo de galinha Knorr®,1 tablete,10,3,30,71
Caldo de mandioca,1 Concha média,150,21,312,71
Caldo verde,1 concha média cheia,130,7,79,71
Camarão (Baked Potato®),1 concha,90,0,42,71
Camarão à milanesa,1 Colher de Sopa,20,5,69,71
Camarão cozido,1 colher de sopa,20,0,18,71
Camarão cozido,1 unidade grande,30,0,27,71
Camarão cru,1 unidade grande,30,0,14,71
Camarão frito,1 colher de sopa,20,0,46,71
Camu-camu,6 unidades,48,3,15,71
Canapé de capaccio,1 torrada,3,2,20,71
Canela em pau Kitano®,1 unidade,2,1,5,71
Canela em pó,1 colher de chá,2,1,5,71
Canelone de frango,1 unidade média,45,9,87,71
Canelone de ricota,1 unidade média,30,7,74,71
Canja de galinha,1 concha média cheia,130,12,110,71
Canja de galinha,1 prato fundo,520,49,442,71
Canjica pronta,1 Colher de Sopa cheia,25,6,28,71
Canjica pronta,1 Concha média,120,28,134,71
Canjica pronta diet,1 Concha,120,13,86,71
Canjica pronta diet,1 Colher de Sopa,25,3,18,71
Canjiquinha de frango,1 Concha média,145,13,215,71
Capeletti de carne,1 escumadeira,50,25,141,71
Capeletti de carne Massa leve®,1 xícara de chá,100,44,223,72
Capeletti de frango,1 escumadeira,50,25,140,72
Capeletti de frango Massa leve®,1 xícara de chá,100,51,266,72
Capeletti de presunto,1 escumadeira,50,25,143,72
Cappuccino Baunilha 3 corações ® pó,1 Colher de Sopa,10,7,41,72
Cappuccino Chocolate 3 corações ® pó,1 Colher de Sopa,10,7,40,72
Cappuccino Classic 3 corações ®,1 cápsula,11,7,44,72
Cappuccino Classic 3 corações ® pó,1 Colher de Sopa,10,7,43,72
Cappuccino Classic Pronto 3 corações ®,1 unidade / garrafinha,260,39,267,72
Cappuccino Descafeinado 3 corações ® pó,1 Colher de Sopa,10,6,36,72
Cappuccino Diet 3 corações ® pó,1 Colher de Sopa,10,4,45,72
Cappuccino em pó,1 Colher de Sopa,10,7,42,72
Cappuccino Light 3 corações ® pó,1 Colher de Sopa,10,6,35,72
Cappuccino Light 3 corações ® pó,1 sachê,14,9,49,72
Caqui,1 unidade média,110,21,78,72
Caqui,1 unidade pequena,85,16,60,72
Cará cozido,1 Colher de Sopa cheia,35,7,27,72
Carambola,1 unidade média,75,9,35,72
Caranguejo cozido,1 porção,100,0,83,72
Carne assada,1 fatia média,90,0,259,72
"Carne bovina, acém, moído, cozido",1 Colher de Sopa cheia,25,0,53,72
"Carne bovina, costela assada",1 pedaço médio,40,0,149,72
"Carne bovina, picanha, com gordura, grelhada",1 bife médio,100,0,289,73
Carne de boi cozida,1 Colher de Sopa,30,0,65,73
Carne de boi cozida,1 pedaço,35,0,75,73
Carne de boi cozida,1 Colher de Arroz / Servir,70,0,150,73
Carne de boi moída,1 Colher de Sopa cheia,25,0,49,73
"Carne de boi, lagarto cozido",1 fatia média,100,0,222,73
"Carne de boi, lagarto cru",1 fatia média,100,0,135,73
"Carne de boi, maminha, grelhado",1 filé médio,100,0,153,73
"Carne de boi, paleta sem gordura, cozida",1 filé médio,100,0,194,73
"Carne de boi, paleta sem gordura, crua",1 filé médio,100,0,141,73
"Carne de boi, picanha com gordura, grelhada",1 filé médio,100,0,289,73
"Carne de boi, picanha sem gordura, grelhada",1 filé médio,100,0,238,73
Carne de cabrito magra,1 pedaço médio,100,0,179,73
Carne de cordeiro magra,1 pedaço médio,100,0,162,73
"Carne de porco, bisteca grelhada",1 filé médio,100,0,280,73
"Carne de porco, lombo assado",1 bife médio,100,0,210,73
"Carne de porco, pernil assado",1 fatia média,90,0,236,73
Carne de sol (carne seca),1 Colher de Sopa cheia,18,0,77,73
"Carne de vaca, maminha",1 filé médio,100,0,153,73
Carne ensopada com legumes,1 Colher de Sopa cheia,35,3,57,73
Carne vegetal (proteína texturizada de soja),1 xícara,50,10,139,73
Carpa assada,1 filé médio,100,0,110,73
Carpaccio de carne,1 fatia média,15,0,43,74
Carpaccio de Haddock,1 fatia média,15,0,17,74
Carpaccio de salmão,1 fatia média,15,0,21,74
Carré,1 unidade média,90,0,213,74
Caruru (hortaliça crua picada),1 Colher de Sopa,20,1,7,74
Caruru (prato baiano),1 Colher de Sopa,40,3,67,74
Casquinha de siri,1 unidade pequena,16,0,27,74
Castanha de caju,1 unidade média,3,1,17,74
Castanha do Pará,2 unidades médias,8,1,51,74
Castanha portuguesa,1 unidade média,4,2,8,74
Catchup / Ketchup,1 sachê,7,2,6,74
Catchup / Ketchup,1 Colher de Sopa,12,2,11,74
Catupiry,1 Colher de Sopa,30,0,80,74
CBO (Mc’Donalds®),1 unidade,240,56,643,74
Cebola picada,1 Colher de sopa,10,1,4,74
Cebolinha crua (picada),2 Colheres de Sopa,4,0,1,74
Cebolitos (Elma Chips®),1 xícara,17,11,85,74
Cenoura cozida,1 Colher de Sopa,25,2,8,74
Cenoura crua ralada,1 Colher de Sopa,12,1,4,74
Centeio (farinha integral),1/2 xícara,50,37,168,74
"Cereal barra Nestlé® banana, aveia e mel",1 unidade,20,11,63,74
Cereal barra Nutry® coco com chocolate,1 unidade,22,16,90,74
Cereal barra Trio® light morango com chocolate,1 unidade,20,14,74,74
Cereal infantil 3 cereais Mucilon Nestlé®,1 Colher de Sopa,7,6,27,74
"Cereal infantil banana, maçã e quinoa Mucilon Nestle®",1 Colher de Sopa,7,5,25,74
Cereal infantil de arroz / milho Mucilon Nestlé®,1 Colher de Sopa,7,6,26,74
Cereal matinal All bran Fibre Plus Kellogg’s®,1 xícara,40,134,19,74
Cereal matinal All bran flakes Kellogg’s®,1 xícara,30,20,107,75
Cereal matinal Chocokrispis Kellogg’s®,1 xícara,30,25,116,75
Cereal matinal Corn flakes Kellogg’s®,1 xícara,30,24,108,75
Cereal matinal Crunch Nestlé®,1 xícara,30,22,117,75
Cereal matinal de milho,1 xícara,30,25,110,75
Cereal matinal de milho,1 Colher de Sopa,4,3,15,75
Cereal matinal de milho com açúcar,1 xícara,30,27,113,75
Cereal matinal de milho com açúcar,1 Colher de Sopa,4,3,15,75
Cereal matinal granola tradicional Kelloggs®,1/2 xícara,40,24,158,75
Cereal matinal granola tradicional Kelloggs®,1 Colher de Sopa,10,6,29,75
Cereal matinal Nesfit® frutas sem açúcar,1 xícara,30,21,102,75
Cereal matinal Nesfit® mel e amêndoas sem açúcar,1 xícara,30,22,108,75
Cereal matinal Nesfit® sem açúcar,1 xícara,30,21,100,75
Cereja em calda,1 unidade,7,2,6,75
Cereja fresca,1 unidade,7,1,5,75
Cerveja,1 lata,350,12,143,75
Cerveja 0% Carboidrato Bruder®,1 lata,350,0,112,75
Cerveja 0% de álcool,1 lata,350,20,84,75
Cerveja Amstel Ultra Heineken®,1 long neck,275,"2,7",72,75
Cerveja Michelob Ultra Ambev®,1 long neck,330,2,79,75
Cerveja Noi® low carb,1 lata,350,2,94,75
Cerveja Stella Artois® pure gold,1 long neck,330,1,34,75
Cerveja Stella Artois® tradicional,1 long neck,330,9,134,76
Cerveja tipo Malzbier,1 lata,350,49,210,76
"Cevada, infusão",1 xícara de chá,200,6,30,76
"Cevada, pó",1 Colher de Sopa,10,6,30,76
Chá com açúcar (média),1 xícara de chá,200,16,64,76
Chá mate (infusão sem açúcar),1 xícara de chá,200,1,6,76
Chá sem açúcar (média),1 xícara de chá,200,1,4,76
Chambinho,1 unidade pequena,40,6,46,76
Champagne (Chandon®),1 taça,150,0,127,76
Champagne (Espumante tipo sidra),1 taça,150,4,123,76
Champignon (conserva),1 Colher de Sopa,27,1,6,76
Chandelle® chocolate,1 unidade,90,20,132,76
Chantilly,1 Colher de Sopa,20,3,63,76
Charutinho de folha de uva,1 porcao,100,3,99,76
Charutinho de repolho,1 porcao,100,2,67,76
Charuto folha de uva Habib’s,1 porção,245,19,263,76
Charuto repolho Habib’s,1 porção,285,23,295,76
Cheddar McMelt (Mc’ Donalds),1 unidade,0,31,474,76
Cheeseburger simples caseiro,1 unidade,130,32,430,76
Cheeseburguer (Bob’s),1 unidade,120,25,264,76
Cheeseburguer (Burguer King),1 unidade,130,30,308,76
Cheeseburguer (Mc’ Donalds),1 unidade,0,32,298,76
Cheesecake com Mirtilo (sorvete),1 bola,60,18,140,76
Cheetos (Elma Chips®),1 xícara,12,8,60,76
Chester,1 fatia média,32,0,53,76
Chia (Sementes),1 colher de sopa,10,4,44,76
Chicken Bacon Sandwich (Mc’ Donalds®),1 unidade,0,37,448,77
Chicken Crispy Deluxe Sandwich (Mc’ Donalds®),1 unidade,0,54,625,77
Chicken Crispy Melt & Bacon Sandwich (Mc’ Donalds®),1 unidade,0,54,651,77
Chicken Junior Sandwich (Mc’ Donalds®),1 unidade,171,38,343,77
Chicken Sandwich (Mc’ Donalds®),1 unidade,0,37,396,77
Chiclete (média),1 unidade,5,4,16,77
Chiclete Adams®,1 unidade,2,1,5,77
Chiclete Bubbaloo®,1 unidade,5,4,16,77
Chiclete Mentos® sem açúcar,1 unidade,2,1,3,77
Chiclete Trident®,1 unidade,2,1,3,77
Chicória crua,2 folhas grandes,34,1,5,77
Chicória refogada,1 colher de sopa cheia,45,3,39,77
Chimarrão,1 cuia média,200,3,13,77
Chipa de queijo (Forno de Minas®),1 unidade média,33,11,90,77
Chocolate 70% cacao Lindt®,1/4 barra,25,"3,5",148,77
Chocolate Alpino diet Nestlé®,1 barra pequena,30,17,143,77
Chocolate Alpino Nestlé®,6 quadradinhos,25,14,137,77
Chocolate Alpino Nestlé®,1 bombom,13,7,71,77
Chocolate ao leite (média),1 barra pequena,25,15,135,77
Chocolate ao leite Classic diet Nestlé®,1 barra pequena,25,14,165,77
Chocolate ao leite Classic Nestlé®,6 quadradinhos,25,13,136,77
Chocolate ao leite diet Línea®,1 tablete,30,13,143,77
Chocolate ao leite Lacta®,4 quadrados,25,14,133,78
Chocolate Batom Nestlé®,1 unidade,16,8,87,78
Chocolate Bis Lacta®,1 unidade,6,4,31,78
Chocolate caramelo Twix®,1 unidade,15,10,75,78
Chocolate Diamante Negro®,4 quadradinhos,25,17,124,78
Chocolate diet Talento®,1 barra peq / 4 quad.,25,12,129,78
Chocolate em pó,1 Colher de Sopa,15,7,79,78
Chocolate Ferrero Rocher®,2 unidades,25,11,149,78
Chocolate Galak Nestlé®,6 quadradinhos,25,14,138,78
Chocolate Lindt Excellence 50% cacau,1/4 unidade,50,12,138,78
Chocolate meio amargo (média),1 barra pequena,25,16,119,78
Chocolate quente com leite (Mc’ Donalds®),1 copo pequeno,200,15,115,78
Chocolate quente com leite (Mc’ Donalds®),1 copo grande,300,22,173,78
Chocolate Suflair®,5 quadradinhos,25,13,138,78
Chocolate Talento®,1 barra peq / 4 quad.,25,13,136,78
Chocotone Bauducco®,1 fatia média,40,18,144,78
Chopp claro,1 tulipa,290,11,130,78
Chopp escuro,1 tulipa,290,12,142,78
Chouriço,1 gomo,60,1,227,78
Chuchu à milanesa,1 fatia média,70,10,127,78
Chuchu ao molho branco,1 Colher de Sopa cheia,30,3,28,78
Chuchu cozido (picado),1 Colher de Sopa,20,1,4,78
Chucrute,1 Colher de Sopa,15,0,2,78
Chucrute com salsicha,1 porção,75,3,145,78
Churrasquinho de panela,1 Colher de Sopa,25,0,46,78
Churros com doce de leite,1 unidade grande,88,38,283,78
Cidra,1 porção,100,10,40,78
Ciriguela,1 unidade,10,2,8,78
Coalhada desnatada Itambé®,1 pote,130,5,40,79
Coalhada integral Itambé®,1 pote,130,17,123,79
Coalhada seca natural Alibey,1 colher de sopa,15,1,19,79
Coalhada seca natural Alibey®,1 Colher de Sopa,15,1,19,79
Cobertura de chocolate ao leite Garoto®,4 quadradinhos,25,14,140,79
Coca-Cola Zero®,1 copo,200,0,0,79
Coca-Cola®,1 copo,200,21,85,79
Cocada,1 unidade média,70,40,259,79
Cocada queimada Brasil Caipira®,1 unidade,25,17,108,79
Cocada Zero açúcar Santa Helena®,1 unidade,20,11,86,79
Coco fresco ralado,1 colher de sopa,9,1,36,79
Coco in natura,1 pedaço médio,40,4,162,79
Coco ralado seco industrializado,1 colher de sopa,9,2,63,79
"Coco, leite de (industrializado)",1 copo,200,4,332,79
"Coco-da-baía, água-de",1 copo,200,11,44,79
Coentro,1 colher de sopa,8,4,25,79
Cogumelo (champignon) em conserva,1 colher de sopa,27,1,5,79
Colomba Pascal frutas cristalizadas Bauducco®,1 fatia média,60,29,187,79
Colomba Pascal gotas de chocolate Bauducco®,1 fatia média,60,29,211,79
Colomba Pascal gotas de chocolate Zero açúcar Casa Suíca®,1 fatia grande,80,46,328,79
Colorau,1 colher de sopa,16,6,51,79
Cominho em pó,1 colher de sopa,16,7,60,79
Confeito de chocolate ao leite M&M’s,1 colher de sopa,12,9,61,80
Confeito de chocolate ao leite M&M’s,1/2 pacote pequeno,25,18,121,80
Conhaque,1 dose,50,0,103,80
Cookie cheescake com framboesa (Subway®),1 unidade,45,29,200,80
Cookie chocolate branco com macadâmia (Subway®),1 unidade,45,28,220,80
Cookie chocolate com gotas de chocolate (Subway®),1 unidade,45,30,210,80
Cookies integrais chocolate Jasmine®,6 unidades - porção,30,21,123,80
Cookies integrais chocolate Jasmine®,1 unidade,5,3,20,80
Cookies integrais damasco com chocolate zero açúcar Jasmine®,8 unidades - porção,30,14,90,80
Cookies integrais damasco com chocolate zero açúcar Jasmine®,1 unidade,4,2,11,80
Cookies integral aveia e mel Taeq®,6 unidades - porção,30,19,108,80
Cookies integral aveia e mel Taeq®,1 unidade,5,3,18,80
Cookies original Bauducco®,1 unidade,10,6,44,80
Coração de frango grelhado,1 unidade média,5,0,10,80
Cosmopolitan,1 dose,118,17,174,80
Costela de boi assada,1 pedaço médio,40,0,149,80
Costela de porco cozida,1 pedaço médio,25,0,100,80
Couve (“Kraut”),1 folha média,20,1,10,80
Couve manteiga crua,1 folha média,20,1,5,80
Couve manteiga crua,1 colher de sopa,20,1,5,80
Couve manteiga refogada,1 colher de sopa,20,1,18,80
Couve-flor à milanesa,1 ramo médio,90,11,137,80
Couve-flor cozida,1 ramo médio,60,2,11,81
Couve-flor cozida,1 colher de sopa,25,1,5,81
Coxa de frango assada,1 unidade grande,55,0,118,81
Coxinha de frango (salgado),1 unidade grande,110,38,311,81
Coxinha de frango (salgado),1 unidade média,50,17,141,81
Coxinha de frango (salgado),1 unidade pequena,20,7,57,81
Cream Cheese,1 colher de sopa,30,1,70,81
Cream Cheese light,1 colher de sopa,30,1,58,81
Creme de abacate sem açúcar,1 colher sopa cheia,25,3,43,81
Creme de amendoim,1 colher de sopa rasa,15,3,91,81
Creme de leite,1 colher de servir,30,1,66,81
Creme de leite light Nestlé®,1 colher de servir,30,1,48,81
Creme de milho,1 colher de sopa cheia,33,5,35,81
Creme vegetal de chantilly Vigor®,1 colher de sopa,20,2,55,81
Cremogema tradicional®,1 colher de sopa,10,9,36,81
Crepe de banana com chocolate,1 unidade grande,100,32,250,81
Crepe de presunto e queijo,1 unidade grande,100,13,229,81
Croissant,1 unidade grande,67,32,277,81
Croissant,1 unidade média,40,19,165,81
Croissant de chocolate,1 unidade grande,67,28,279,81
Croissant de queijo,1 unidade grande,67,32,277,81
Croquete de Carne frito,1 unidade grande,55,10,191,81
Croquete de Carne frito,1 unidade média,25,5,87,81
Croquete de Carne frito,1 unidade pequena,10,2,35,81
Croquete de milho,1 unidade média,22,10,77,81
Croquete de milho,1 unidade pequena,10,4,35,81
Cuba Libre,1 coquetel,210,15,152,81
Cuca alemã,1 fatia média,60,30,200,81
Cup noodles®,1 unidade comercial,69,39,302,82
Cupuaçu (polpa),1 colher de sopa cheia,20,2,10,82
Curau de milho,2/3 xícara de chá,140,19,109,82
Curry,1 colher de sopa,9,5,35,82
Cuscuz de milho com sal,1 pedaço médio,135,34,152,82
Cuscuz de milho com sal,1 pedaço pequeno,85,21,96,82
Cuscuz de tapioca,1 pedaço médio,120,65,298,82
Cuscuz de tapioca,1 pedaço pequeno,60,33,149,82
Cuscuz paulista,1 pedaço médio,150,34,213,82
Cuscuz paulista,1 colher de sopa,35,8,50,82
Damasco seco,1 unidade,7,4,18,82
"Damasco, geléia Queensberry®",1 colher de sopa,20,14,58,82
Danette®,1 unidade,90,15,116,82
Danette® chocolate branco,1 unidade,90,19,121,82
Danoninho®,1 potinho,40,5,39,82
Danoninho®,1 sachê / embalagem,70,8,69,82
Diet Shake® Tradicional morango,1 colher medida,12,8,35,82
Dobradinha,1 colher de servir cheia,70,0,87,82
Dobradinha com feijão branco,1 colher de servir cheia,70,6,78,82
Doce de abacaxi Ritter®,1 colher de sopa,20,10,41,82
Doce de abóbora cremoso,1 colher de sopa,40,29,162,82
Doce de abóbora e coco,1 colher de sopa,40,21,97,82
Doce de arroz de leite,1 colher de sopa cheia,40,13,68,82
Doce de banana em barra,1 fatia pequena,30,23,84,82
Doce de batata doce,1 fatia pequena,30,22,121,82
Doce de buriti,1 colher de sopa cheia,50,35,152,82
Doce de cidra,1 colher de sopa,50,20,81,83
Doce de coco,1 colher de sopa cheia,50,29,234,83
Doce de cupuaçu,1 colher de sopa,40,29,112,83
Doce de goiaba,1 colher de sopa,20,16,57,83
Doce de goiaba diet Flormel®,1 colher de sopa,20,10,39,83
Doce de goiaba em calda sem açúcar Diet House®,1 colher de sopa,20,6,24,83
Doce de laranja em calda,1 pedaço médio,57,48,196,83
Doce de laranja sem açúcar Diet House®,1 colher de sopa,20,3,12,83
Doce de leite,1 colher de sopa cheia,40,24,122,83
Doce de leite,1 colher de sobremesa,25,15,76,83
Doce de leite zero açúcar Flormel®,1 colher de sopa,20,9,46,83
Doce de mamão verde,1 colher de sopa,40,23,84,83
Doce de manga,1 colher de sopa cheia,50,27,140,83
Docinhos variados (média),1 unidade média,30,16,125,83
Donuts,1 unidade média,70,33,245,83
Doritos (Elma Chips®),1 xícara,17,9,80,83
Double barbecue Cheese (Bob’s®),1 unidade,0,36,401,83
Double cheddar (Habib’s®),1 unidade,315,32,593,83
Double cheddar frango (Bob’s®),1 unidade,0,29,335,83
Double cheeseburguer (Bob’s®),1 unidade,0,25,399,83
Drops comum,1 unidade,3,3,11,83
Eclair (bomba de chocolate),1 unidade pequena,30,4,47,83
Eclair (bomba de chocolate),1 unidade média,50,7,79,83
Eclair (bomba de chocolate),1 unidade grande,80,10,126,83
Edamame cozido,1 colher de sopa cheia,20,2,23,84
Edamame cozido,1 colher de sopa rasa,15,2,17,84
"Eggs Benedict (prato à base de ovos, bacon, pão, molho holandês)",1 porção grande,155,13,428,84
"Eggs Benedict (prato à base de ovos, bacon, pão, molho holandês)",1 porção média,149,13,411,84
Empada de camarão,1 porção média,55,12,116,84
Empada de camarão,1 porção pequena (de festa),12,3,26,84
Empada de frango,1 unidade média,55,26,197,84
Empada de frango,1 unidade grande,70,33,251,84
Empada de frango,1 unidade pequena,12,6,43,84
Empada de palmito,1 unidade média,55,14,129,84
Empada de palmito,1 unidade pequena,12,3,16,84
Empada de palmito,1 unidade grande,95,24,223,84
Empada de queijo,1 porção média,25,5,80,84
Empada de queijo,1 porção grande,67,14,215,84
Empadão goiano,1 pedaço médio,300,48,618,84
Empadinha,1 unidade pequena (de festa),12,4,56,84
Empanada de carne tradicional,1 unidade média,90,20,263,84
"Enchilada com carne, feijões e queijo",1 porção média,129,23,231,84
Enchilada de frango e queijo com molho de tomate,1 porção média,126,19,234,84
Enchilada de queijo,1 unidade média,163,29,319,84
Energético Assault Monster Energy®,1 copo,200,21,84,84
Energético Baly® maçã verde,1 lata,250,25,98,84
Energético Baly® maçã verde,1 lata grande,750,75,294,85
Energético Baly® maçã verde,1 copo,200,20,78,85
Energético Baly® maçã verde sem açúcar,1 lata,250,0,4,85
Energético Baly® maçã verde sem açúcar,1 lata grande,750,0,11,85
Energético Baly® maçã verde sem açúcar,1 copo,200,0,3,85
Energético Baly® melancia,1 lata,250,25,98,85
Energético Baly® melancia,1 lata grande,750,75,294,85
Energético Baly® melancia,1 copo,200,20,78,85
Energético Baly® melancia sem açúcar,1 lata,250,0,4,85
Energético Baly® melancia sem açúcar,1 lata grande,750,0,11,85
Energético Baly® melancia sem açúcar,1 copo,200,0,3,85
Energético Baly® Tradicional,1 lata,250,25,98,85
Energético Baly® Tradicional,1 lata grande,750,75,294,85
Energético Baly® Tradicional,1 copo,200,20,78,85
Energético Baly® Tradicional sem açúcar,1 lata,250,0,4,85
Energético Baly® Tradicional sem açúcar,1 lata grande,750,0,11,85
Energético Baly® Tradicional sem açúcar,1 copo,200,0,3,85
Energético Baly® Tropical sem açúcar,1 lata,250,0,4,85
Energético Baly® Tropical sem açúcar,1 lata grande,750,0,11,85
Energético Baly® Tropical sem açúcar,1 copo,200,0,3,85
Energético Burn®,1 lata,260,31,127,86
Energético Dragon Ice Monster Energy®,1 copo,200,4,14,86
Energético Energy Drink TNT®,1 lata,269,30,123,86
Energético Energy Focus Pink Lemonade TNT®,1 lata,269,1,8,86
Energético Flyng Horse®,1 lata,270,32,130,86
Energético Mango Loco Monster Energy®,1 copo,200,26,100,86
Energético Monster Energy® Ultra,1 copo,200,"2,3",6,86
Energético Monster® pipeline punch,1 lata,473,43,166,86
Energético Psyco Drink Midway®,1 lata,250,28,113,86
Energético Red Bull®,1 lata,250,28,113,86
Energético Reign® (sabores),1 lata,473,0,0,86
Energético Ultra Violet Monster Energy®,1 copo,200,4,16,86
Energético zero açúcar Monster Energy® ultra,1 lata,475,7,19,86
Energético zero açúcar Pow Sour Pink Lemonade®,1 lata,310,11,44,86
Energético zero açúcar Red Bull®,1 lata,250,0,"6,7",86
Energético zero açúcar sabor mango Chilli Beans®,1 lata,310,0,0,86
Enrolado de presunto e queijo,1 unidade média,40,15,114,86
Enrolado de salsicha,1 unidade média,27,3,79,86
Enrolado de salsicha,1 unidade pequena (de festa),15,2,44,86
Ensure em pó (sabores),1 colher medida,10,1,40,86
Ensure plus (sabores),1 porção (tetra pack),200,40,300,86
Ensure plus advance,1 garrafinha,220,38,330,87
Ensure protein,1 garrafinha,220,36,275,87
"Eqlibri® (minicrackers, original e sabores)",1 pacote,22,17,100,87
"Eqlibri® (panetinini, sabores)",1 embalagem,40,25,175,87
Eqlibri® (torradas),1 pacotinho individual,50,29,193,87
Eritritol (possui carboidratos não absorvíveis),1 colher de sobremesa,11,11,2,87
Eritritol (possui carboidratos não absorvíveis),1 colher de sopa,15,15,3,87
Eritritol (possui carboidratos não absorvíveis),1 colher de chá,4,4,1,87
Eritritol (possui carboidratos não absorvíveis),1 xícara de chá,160,158,32,87
Ervilha em conserva,1 colher de sopa cheia,27,4,20,87
Ervilha em conserva,1 colher de arroz cheia,38,6,28,87
Ervilha verde cozida,1 colher de sopa cheia,30,4,26,87
Escarola (endivia) crua,gramas,100,3,12,87
Escondidinho de Carne Seca,1 porção média,200,28,339,87
Escondidinho de Carne Seca,1 xícara,240,34,407,87
Esfiha de calabresa (Habib’s®),1 unidade,75,17,130,87
Esfiha de carne aberta,1 unidade média,75,18,125,87
Esfiha de carne fechada,1 unidade média,80,29,203,87
Esfiha de carne fechada,1 unidade pequena,25,9,64,87
Esfiha de espinafre (Habib’s®),1 unidade,80,17,122,87
Esfiha de frango (Habib’s®),1 unidade,75,18,115,87
Esfiha de queijo,1 porção média,13,5,47,87
Esfiha de queijo,1 porção pequena,73,27,263,87
Esfiha folhada de cheddar com pepperoni (Habib’s®),1 unidade,55,11,201,88
Esfiha folhada de chocolate (Habib’s®),1 unidade,45,16,199,88
Esfiha folhada de chocolate com M&M’s® (Habib’s),1 unidade,65,28,295,88
Eskibon® (picolé clássico),1 unidade,48,15,147,88
Espaguete ao sugo,1 pegador médio,110,24,112,88
Espaguete com molho de tomate,1 pegador médio,110,23,112,88
Espaguete com molho de tomate,1 xícara,220,48,224,88
Espaguete cozido,1 pegador médio,110,39,112,88
Espaguete cozido,1 xícara,220,43,220,88
Espaguete de trigo integral,1 pegador médio,110,19,86,88
Espaguete de trigo integral,1 xícara,220,37,172,88
Espinafre cru,1 colher de sopa cheia,20,0,4,88
Espinafre refogado,1 colher do sopa cheia,25,2,27,88
Estrogonoff de filé mignon (Backed Potato®),1 concha,85,0,146,88
Estrogonoffe de carne,1 colher do sopa cheia,25,1,39,88
Estrogonoffe de carne,1 colher de arroz cheia,40,2,62,88
Estrogonoffe de carne,1 concha média cheia,170,7,266,88
Estrogonoffe de frango,1 colher do sopa cheia,25,1,43,88
Estrogonoffe de frango,1 colher de arroz cheia,40,2,69,88
Estrogonoffe de frango,1 concha média cheia,170,7,293,88
Extrato de malte,1 colher de sopa cheia,15,10,42,88
Extrato de tomate,1 colher de sopa,15,2,10,88
Faisalim (Habib’s®),1 unidade,80,35,240,89
Falafel,1 unidade média,40,14,84,89
Falafel (bolinho de grâo de bico),1 unidade média,50,10,78,89
Fandangos® (salgadinho de milho sabores),1 pacote de 22g,22,15,100,89
Fandangos® (salgadinho de milho sabores),1 pacote de 37g,37,20,170,89
Fandangos® (salgadinho de milho sabores),1 pacote de 45g,45,30,222,89
Fandangos® (salgadinho de milho sabores),1 pacote de 90g,90,59,411,89
Fandangos® (salgadinho de milho sabores),1 pacote de 80g,80,52,365,89
Fandangos® (salgadinho de milho sabores),1 pacote de 140g,140,59,639,89
Fanta laranja,1 copo,200,22,90,89
Fanta laranja,1 lata,350,39,158,89
Farelo de Aveia,1 colher de sopa,15,10,60,89
Farelo de Aveia,1 colher de sobrememesa,8,6,32,89
Farelo de Aveia,1 colher de chá,4,1,16,89
Farelo de trigo,1 colher de sopa cheia,9,5,28,89
Farelo de trigo,1 colher de sobremesa cheia,7,4,22,89
Farfalle cozido,1 xícara,80,60,286,89
Farinha d’água-do-pará,1 copo descartável pequeno,50,41,166,89
Farinha de amaranto,1 colher de sopa cheia,25,17,91,89
Farinha de amaranto,1 colher de sopa rasa,10,7,37,89
Farinha de amendoas,1 colher de sopa,15,4,79,89
Farinha de amendoas,1 xícara,120,24,677,89
Farinha de arroz,1 colher de sopa cheia,17,14,60,90
Farinha de arroz integral,1 colher de sopa cheia,17,13,62,90
Farinha de arroz integral,1 xícara,158,121,574,90
Farinha de centeio integral,1 xícara,158,130,558,90
Farinha de centeio integral,1 colher de sopa cheia,15,11,54,90
Farinha de centeio integral,1 xícara,128,94,569,90
Farinha de chia,1 colher de sobremesa,7,3,34,90
Farinha de chia,1 colher de sopa,10,4,51,90
Farinha de coco,1 colher de chá,6,3,26,90
Farinha de coco,1 colher de sopa rasa,10,3,44,90
Farinha de coco,1 colher de sopa cheia,12,7,53,90
Farinha de linhaça,1 colher de sopa cheia,15,2,72,90
Farinha de linhaça,1 colher de sobremesa,5,0,24,90
Farinha de mandioca,1 colher de sopa cheia,16,14,57,90
Farinha de milho,1 colher de sopa cheia,15,12,54,90
Farinha de milho integral,1 colher de sopa cheia,15,11,53,90
Farinha de milho integral,1 xícara,120,88,424,90
Farinha de rosca,1 colher de sopa cheia,15,11,61,90
Farinha de rosca,1 xícara,80,59,325,90
Farinha de tapioca,1 colher de sopa,16,14,57,90
Farinha de tapioca com coco e açúcar,1 colher de sopa cheia,25,21,107,90
Farinha de trigo,1 colher de sopa cheia,20,15,71,90
Farinha de trigo,1 colher de sopa rasa,13,10,46,91
Farinha de trigo,1 xícara,165,124,586,91
Farinha de trigo,1 colher de sobremesa,5,4,18,91
Farinha láctea,1 colher de sopa rasa,8,6,30,91
Farofa com linguiça,1 colher de sopa cheia,15,7,54,91
Farofa com linguiça,1 colher de arroz cheia,45,21,162,91
Farofa com linguiça,1 colher de sobremesa cheia,10,5,36,91
Farofa com tempero/óleo,1 colher de sopa cheia,15,12,71,91
Farofa de farinha de mandioca,1 colher de sopa cheia,25,20,96,91
Farofa de farinha de mandioca,1 colher de arroz cheia,75,60,288,91
Farofa simples,1 colher de arroz cheia,45,36,213,91
Farofa simples,1 colher de sobremesa,8,6,32,91
Farofa simples,1 colher de sobremesa cheia,10,8,48,91
Farofa simples,1 colher de sopa cheia,15,12,71,91
Fatouche,1 porção,100,5,162,91
"Fava, grãos, cozidos",1 xícara,90,23,113,91
"Fava, grãos, cozidos",1 colher de servir cheia,35,8,38,91
"Fava, grãos, cozidos",1 colher de spa cheia,31,7,34,91
"Fava, grãos, cozidos",1 concha média cheia,140,30,154,91
"Fava, grãos, cozidos",1 concha rasa,80,17,88,91
Feijão azuki cozido,1 colher de sopa,17,5,22,91
Feijão azuki cozido,1 colher de arroz,35,9,45,92
Feijão azuki cozido,1 xícara de chá,184,46,236,92
Feijão azuki cozido,1 colher de sopa,17,4,22,92
Feijão branco cozido,1 concha média rasa,80,21,112,92
Feijão branco cozido,1 colher de sopa,17,4,20,92
Feijão carioquinha cozido,1 colher de sopa cheia,17,3,19,92
Feijão carioquinha cozido,1 concha média rasa,80,14,89,92
Feijão preto cozido,1 colher de sopa cheia,17,2,13,92
Feijão preto cozido,1 concha média rasa,80,10,61,92
Feijão preto cozido,1 concha média cheia,140,18,107,92
Feijão tropeiro,1 concha média rasa,70,33,206,92
Feijão tropeiro,1 colher de sopa cheia,15,7,50,92
Feijão verde cozido,1 xícara,110,8,34,92
Feijão-fradinho cozido,1 colher de sopa cheia,17,2,13,92
Feijoada caseira,1 concha média cheia,225,24,346,92
Feijoada caseira,1 colher de sopa cheia,35,4,54,92
Fermento biológico,1 tablete,15,1,155,92
Fermento em pó,1 colher de sopa rasa,10,4,17,92
Fettuccine,1 pegador médio,110,24,150,92
Fettuccine,1 xícara,140,43,100,92
Fettuccine a bolonhesa,1 porção média,350,49,458,92
Fettuccine cozido,1 xícara,140,43,220,92
Fígado de boi grelhado,1 bife médio,110,5,239,92
Fígado de galinha cru,1 unidade média,70,4,95,93
Figo,1 unidade média,55,8,38,93
Figo cristalizado,1 unidade média,30,22,86,93
Figo enlatado em calda,1 unidade média,20,10,38,93
Figo seco,1 unidade média,30,20,75,93
Filé mignon a parmeggiana/ empanado,1 unidade média,100,10,341,93
Filé mignon a parmeggiana/ empanado,1 unidade grande,125,13,427,93
File mignon ao molho madeira,1 unidade pequena,180,12,227,93
Filhós (doce típico da região da Galiza),1 unidade média,65,26,159,93
Financier de amêndoas,1 unidade média,10,7,54,93
Fios de ovos,1 xícara,120,37,1458,93
"Flan dietético, em pó, preparado Lowçucar®",1 porção preparada confome descrito pelo fabricante,125,4,125,93
Flan tradicional (com açúcar),1 colher de sopa cheia,25,5,33,93
"Flan tradicional (com açúcar) (média das marcas Paulista®, Batavo®, Frimesa®, Nestlé®)",1 potinho,100,115,23,93
Flocos de milho sem açúcar,1 colher de sopa,10,9,38,93
Flocos de milho sem açúcar,1 xícara,28,26,107,93
Focaccia,1 fatia média,57,27,182,93
Fofura® (salgadinho de milho sabores),1 pacote pequeno,40,24,770,93
Fofura® (salgadinho de milho sabores),1 pacote grande,90,54,1731,93
Fogazza de calabresa (Habib’s®),1 unidade,70,22,186,93
Fogazza de mussarela (Habib’s®),1 unidade,70,21,200,93
Folhado de frango,1 unidade média,40,9,109,93
"Fondue de carne (somente a carne, sem os acompanhamentos)",1 bife médio,90,0,180,94
"Fondue de chocolate (somente o ganache de chocolate, sem os acompanhamentos)",1 colher sopa,30,15,105,94
"Fondue de queijo (somente o queijo, sem os acompanhamentos)",1 colher de sopa do molho,30,1,70,94
"Fondue de queijo (somente o queijo, sem os acompanhamentos)",1 xícara,214,8,492,94
Framboesa,4 unidades médias,12,1,16,94
Framboesa,1 xícara,123,15,64,94
"Framboesa, doce em pasta",1 colher de sopa cheia,50,35,143,94
"Framboesa, geléia de",1 colher de sopa cheia,34,24,97,94
"Framboesa, geléia de",1 colher de sopa rasa,22,16,62,94
"Framboesa, geléia de",1 colher de sobremesa cheia,26,19,73,94
"Framboesa, geléia de",1 colher de sobremesa rasa,11,8,31,94
Francesinha (sanduíche de origem portuguesa),1 sanduiche,795,67,1130,94
Frango à milanesa,1 filé pequeno,100,7,221,94
Frango à milanesa,1 filé grande,190,13,419,94
Frango à milanesa,1 filé médio,140,9,310,94
Frango à passarinho,1 unidade média,65,0,129,94
Frango à paulista,1 filé pequeno,90,1,207,94
Frango à paulista,1 filé médio,130,2,336,94
Frango à paulista,1 filé grande,190,2,491,94
Frango agridoce,1 coxa de frango com molho,90,9,69,94
Frango agridoce,1/2 peito de frango com molho,131,15,117,95
Frango assado,1 sobrecoxa média,65,0,78,95
Frango assado,1 sobrecoxa grande,84,0,206,95
Frango assado,1/2 peito médio,85,0,237,95
Frango assado,1 coxa média,49,0,81,95
Frango assado,1 coxa grande,65,0,1,95
Frango assado,1 asa média,32,0,92,95
Frango com requeijão (Backed Potato®),1 concha,85,0,139,95
Frango cozido,1 sobrecoxa média,65,0,82,95
Frango cozido,1 colher de sopa,20,0,33,95
Frango filé cozido,1 filé pequeno,100,0,163,95
Frango frito,1 coxa média,49,0,119,95
Frango frito,1 coxa grande,65,0,94,95
Frango frito,1/2 peito pequeno,75,0,138,95
Frango frito,1/2 peito médio,86,0,158,95
Frango frito,1/2 peito grande,96,0,180,95
Frango Teriyaki,1 porção média,183,11,273,95
Frango Teriyaki,1 xícara,244,15,364,95
Frango xadrez,1 xícara,162,12,434,95
Franlitos (Bob’s®),1 porção com 6 unidades,120,28,272,95
Franlitos (Bob’s®),1 unidade,20,5,16,95
Frigideira de repolho com camarão seco,1 colher de sopa,25,1,25,95
Frittata de Abobrinha,1 porção média,135,20,195,95
Frittata de batata,1 porção média,135,31,244,95
Froot Loops® (Alimento à base de cereais com sabor artificial de frutas),1 pacote individual,20,17,75,95
Froot Loops® (Alimento à base de cereais com sabor artificial de frutas),1 xícara,30,25,111,95
Fruta - pão,1 porção,100,24,96,95
"Fruta do conde, ata ou pinha",1 unidade média,60,13,53,96
Frutas cristalizadas industrializadas,1 colher de sopa cheia,15,12,48,96
Frutas cristalizadas industrializadas,1 xícara,150,120,600,96
Frutilly® (picolé sabor flock),1 unidade,54,17,154,96
Frutilly® (picolé sabor morango),1 unidade,40,9,49,96
Fruttare® (picolé sabor abacaxi),1 unidade,59,16,49,96
Fruttare® (picolé sabor coco),1 unidade,60,14,84,96
Fruttare® (picolé sabor lichia),1 unidade,61,12,48,96
Fruttare® (picolé sabor limão),1 unidade,58,13,52,96
Fruttare® (picolé sabor manga),1 unidade,61,20,80,96
Fruttare® (picolé sabor maracujá),1 unidade,58,15,60,96
Fruttare® (picolé sabor uva),1 unidade,59,20,80,96
Fruttare® Yogo (picolé),1 unidade,71,20,128,96
Fubá,1 colher de sopa cheia,20,16,71,96
Fubá,1 colher sopa rasa,13,10,46,96
Fubá,1 xícara,50,40,179,96
Fubá,1 colher de sobremesa,7,6,25,96
Funghi (cogumelos),1 colher de sopa cheia,20,10,71,96
Furrundu (doce à base de mamão e rapadura),1 colher de sopa,20,13,52,96
Fusilli Integrale (Spoleto®),1 porção padrão,200,75,328,96
Fusilli Integrale (Spoleto®),1/2 porção de massa (porção Bambini),100,38,164,96
Galeto assado,1 pedaço pequeno,95,0,115,96
Galinha ao molho pardo,1 pedaço médio,95,0,150,97
Galinhada com pequi,1 colher de servir,60,13,108,97
Galinhada com pequi,1 porção,350,16,540,97
Gaspacho,1 copo cheio,200,4,38,97
Gatorade - média sabores ®,1 garrafa,500,12,48,97
"Geladinho (sacolé, dindim), c/ leite integral, leite condensado, leite de coco e coco ralado",1 unidade,100,29,230,97
"Geladinho (sacolé, dindim), c/ polpa congelada, água, amido de milho, c/ açúcar",1 unidade,100,8,30,97
"Geladinho (sacolé, dindim), c/ suco em pó, água, amido de milho, c/ açúcar,",1 unidade,100,9,37,97
Gelatina comum pronta (média),1 potinho,100,13,62,97
Gelatina diet pronta (média),1 potinho,100,1,9,97
Gelatina em pó com açúcar,1 colher de sopa,25,12,54,97
Gelatina em pó sem açúcar,1 colher de sopa,12,3,36,97
Gelatina em pó sem sabor,1 colher sopa,14,0,48,97
Geléia de frutas (média diferentes sabores),1 colher de sopa cheia,34,22,90,97
Geléia de mocotó,1 colher de sopa,25,9,37,97
Geléia de mocotó zero açúcar,1 colher de sopa rasa,10,0,4,97
Geléia de morango diet,1 colher de sopa rasa,22,6,25,97
Geléia de morango diet Linea ®,1 colher de sopa rasa,25,9,18,97
Geléia Frutas vermelhas diet QueensBerry ®,1 colher de sopa rasa,20,6,26,97
Geléia Hainich sem açúcar ®,1 colher de sopa,20,9,37,97
Gema de ovo cozida,1 unidade,20,0,72,97
Gemada,1 colher sopa,15,5,32,97
Gengibre em pó,1 colher de sopa cheia,15,11,51,98
"Gengibre, raiz, in natura",1 colher sopa rasa,15,3,12,98
Gergelim (semente),1 colher sopa rasa,15,3,12,98
Gergelim Vitao®,1 colher sopa,15,2,87,98
Germen de trigo Jasmine ®,1 colher sopa,10,5,37,98
Gim / Gin,1 dose,50,0,115,98
Gin Tônica,1 dose,100,4,109,98
Gin tônica,1 dose,225,16,171,98
Gin tônica zero,1 dose,225,0,110,98
Glicofast ®,1 pastilha,3,3,12,98
Glicose de milho,1 colher sopa,20,16,64,98
Glinstan ®,1 sachê,15,15,55,98
Glucerna SR ® em pó,1 colher sopa,9,5,38,98
Glucerna SR ® líquida,1 garrafinha,200,22,186,98
Goiaba inteira,1 unidade média,100,14,50,98
"Goiaba, doce em pasta",1 colher sopa rasa,22,17,64,98
"Goiaba, doce em pasta",1 colher sopa cheia,34,25,99,98
Goiabada,1 fatia média,40,25,100,98
Goiabada diet,1 colher sopa cheia,25,11,41,98
Goiabada diet de colher,1 fatia média,40,18,66,98
Goiabada Predilecta ®,1 fatia pequena,40,35,140,98
Goma de mascar (diet) média sabores,1 unidade,5,5,18,98
Goma de mascar com açúcar (média sabores),1 unidade,5,5,19,98
Goma de tapioca Yoki ®,1 colher de sopa cheia,17,10,37,98
Gordura vegetal hidrogenada,1 colher de sopa cheia,19,0,71,98
"Gorgonzola, queijo",1 fatia pequena,30,1,97,98
"Gouda, queijo",1 fatia média,100,2,356,98
Goulash com sal,1 xícara de chá,30,1,106,98
Gran picanha Bob’s ®,1 unidade,203,36,502,98
Granola 7 Grãos Sem Açúcar Da Magrinha®,1/2 xícara,40,22,138,99
Granola 7 Grãos tradicional Da Magrinha®,1/2 xícara,40,24,139,99
Granola sem açúcar,1 colher sopa,11,8,42,99
Granola zero açúcar Tia Sônia®,1/4 xícara,40,19,123,99
Granola zero açúcar tradicional Jasmine®,1/2 xícara,40,21,156,99
Granola zero açúcar tradicional Mãe Terra®,1/2 xícara,40,20,163,99
Granola zero Kobber®,1/2 xícara,40,22,128,99
"Granola, cereais, frutas secas e oleagionosas",1/2 xícara chá,40,21,174,99
"Granola, cereais, frutas secas e oleagionosas",1 colher sopa,10,6,49,99
"Grão de bico cozido, sem caldo",1 concha cheia,120,25,138,99
"Grão de bico cozido, sem caldo",1 colher sopa cheia,22,5,25,99
Graviola,1 pedaço pequeno,100,15,60,99
Graviola,1 pedaço médio,80,13,51,99
"Graviola, doce de",1 colher sopa cheia,25,13,52,99
"Graviola, polpa congelada",1 saquinho,100,10,38,99
Guacomole com sal,1 colher sopa cheia,45,3,74,99
"Guandú, feijão",1 colher de sopa cheia,22,14,70,99
Guaraná Antartica ®,1 lata,350,20,80,99
Guaraná diet Antartica ®,1 lata,350,0,0,99
Guaraná Fruki®,1 lata,350,17,66,99
Guaraná Goianinho®,1 lata,350,36,145,99
Guaraná Jesus®,1 lata,350,39,155,99
Guaraná Kuat ®,1 lata,350,21,82,99
Guaraná Mineiro ®,1 lata,350,38,154,99
Guaraná refrigerante Kuat ®,1 copo,200,13,52,99
"Guaraná, pó",1 colher café rasa,1,1,3,100
Guariroba,1 colher de sopa cheia,15,1,5,100
Guariroba refogada,2 colheres de sopa cheias,60,6,22,100
Hamburguer - sanduíche Mc Donalds ®,1 unidade,101,30,249,100
Hamburguer (sanduíche simples caseiro),1 unidade,110,32,360,100
Hamburguer de carne bovina Sadia ®,1 unidade,53,2,150,100
Hamburguer de frango Sadia ®,1 unidade,53,1,105,100
Hamburguer de grão de bico,1 unidade,82,20,127,100
Hamburguer de peru Sadia ®,1 unidade,53,2,93,100
Hamburguer misto Perdigão ®,1 unidade,53,1,81,100
"Harumaki (rolinho primavera), camarão ou peixe, frito",1 unidade,60,10,181,100
"Harumaki (rolinho primavera), camarão, frito",1 unidade,60,10,180,100
Harumaki de carne,1 unidade,50,8,103,100
Harumaki de carne Jin Jin Wok ®,1 unidade,20,11,47,100
"Harumaki de peixe, frito",1 unidade,60,10,190,100
Harumaki filadélfia,1 unidade,50,8,158,100
Harumaki filadélfia Jin Jin Wok ®,1 unidade,20,8,56,100
Herbalife Shake de baunilha ®,1 colher sopa,10,4,36,100
Hipoglosso (peixe) cozido,1 filé médio,100,0,125,100
Homus,1 colher de sopa cheia,30,14,94,100
Homus (Habib’s),1 porção,240,34,360,100
Homus com pão sírio Habib’s ®,1 porção,334,83,642,100
Homus de grão de bico Homus,1 colher de sopa cheia,45,9,123,101
"Hortelã, folhas de",1 colher sopa cheia,10,0,4,101
Hossomaki de atum,1 unidade pequena,15,5,38,101
Hossomaki de atum,1 unidade,110,26,164,101
Hossomaki de pepino,1 unidade pequena,15,5,24,101
Hossomaki de pepino,1 unidade,110,26,123,101
Hossomaki de salmão,1 unidade pequena,15,9,49,101
Hossomaki de salmão,1 unidade,110,26,155,101
Hot dog (sanduíche simples),1 unidade,125,31,330,101
Hot Filadélfia (hot rol),1 unidade,30,8,82,101
Inhame cozido,1 fatia média,100,28,116,101
"Inhame sem casca, assado",1 colher sopa cheia,35,8,32,101
"Inhame sem casca, cozido, drenado",1 colher sopa cheia,35,7,45,101
"Inhame, raiz sem casca de (picado)",1 colher de sopa cheia,35,8,31,101
Iogurte Gegro frutas amarelas Vigor®,1 unidade,90,17,139,101
Iogurte abacaxi Tirol ®,1 unidade,200,27,175,101
Iogurte Activa aveia Danone ®,1 garrafinha,170,22,110,101
Iogurte Activa morango Danone®,1 garrafinha,150,19,104,101
Iogurte Activa morango Danone ®,1 copo,200,25,138,101
Iogurte Activia ameixa Danone ®,1 copo,150,19,104,101
Iogurte Activia café da manhã Chia e Manga Danone ®,1 unidade,170,23,182,101
Iogurte Activia Café da manhã com Quinoa e frutas vermelhas Danone ®,1pote,170,23,182,101
Iogurte Activia Café da manhã com Amaranto e Mamão Danone ®,1 pote,170,24,180,102
"Iogurte Activia café da manhã com Quinoa, morango e amora Danone ®",1 unidade,170,22,182,102
Iogurte Activia natural Danone ®,1 unidade,170,22,122,102
Iogurte Activia original Danone ®,1 pote,94,12,100,102
Iogurte Activia Polpa Ameixa Danone®,1 pote,100,10,79,102
Iogurte Activia Polpa Aveia Danone®,1 pote,100,10,79,102
Iogurte Activia Polpa Morango Danone ®,1 pote,100,10,77,102
Iogurte Activia zero ameixa Danone ®,1 unidade,170,"6,5",40,102
Iogurte Activia Zero Ameixa Danone ®,1 garrafinha,170,25,131,102
Iogurte camadas Banoffe Frimesa ®,1 pote,165,21,137,102
Iogurte camadas frutas vermelhas Frimesa®,1 unidade,165,23,137,102
Iogurte camadas morango Frimesa ®,1 unidade,165,21,137,102
Iogurte côco Danone ®,1 copo,200,22,128,102
"Iogurte com preparado de fruta- laranja, cenoura e mel Danone ®",1 unidade,180,20,148,102
Iogurte Corpus Sleeve Morango Danone ®,1 garrafinha,170,13,76,102
"Iogurte cremoso - laranja, cenoura e mel Batavo ®",1 unidade,160,24,162,102
Iogurte cremoso ameixa Batavo ®,1 unidade,170,25,166,102
Iogurte cremoso natural integral Batavo ®,1 unidade,200,10,146,102
Iogurte Dan up®,1 unidade,155,27,162,103
Iogurte de frutas (média),1 pote,100,17,90,103
Iogurte de frutas light/diet (média),1 pote,100,7,42,103
Iogurte desnatado açaí e banana Protein + zero Frimesa ®,1 unidade,170,15,128,103
Iogurte desnatado Batavo ®,1 pote,170,9,61,103
Iogurte desnatado Baunilha Protein + zero Frimesa ®,1 pote,170,15,128,103
"Iogurte desnatado com preparado aveia, ameixa e amaranto Nesfit Nestlé ®",1 unidade,170,14,75,103
Iogurte desnatado com preparado de morango zero Tirol ®,1/2 copo,100,7,40,103
Iogurte desnatado com preparado de morango zero Tirol ®,1/2 copo,100,7,40,103
"Iogurte desnatado com preparado frutas vermelhas, aveia, e hibisco Nesfit Nestlé ®",1 unidade,150,12,75,103
Iogurte desnatado Molico triplo zero baunilha Nestlé ®,1 unidade,170,7,45,103
Iogurte desnatado Molico triplo zero morango Nestlé ®,1 unidade,170,7,41,103
Iogurte desnatado Morango Protein + zero Frimesa ®,1 pote,170,15,128,103
Iogurte desnatado Whey banana Verde Campo ®,1 unidade,250,15,126,103
Iogurte desnatado Whey cookies e cream Verde Campo ®,1 unidade,250,15,125,103
Iogurte desnatado Whey doce de leite Verde Campo ®,1 unidade,250,21,180,103
Iogurte doce de leite YoPRO Danone ®,1 garrafinha,250,13,127,103
Iogurte grãos VIV morango Vigor ®,1 copo,100,17,133,104
Iogurte Grego flocos Vigor ®,1 unidade,90,16,148,104
Iogurte Grego morango Batavo ®,1 copo,200,15,127,104
Iogurte Grego Nestlé light®,1 unidade,90,10,73,104
Iogurte Grego Nestlé tradicional ®,1 unidade,90,10,74,104
Iogurte Grego Vigor zero ®,1 unidade,90,5,49,104
Iogurte Grego Vigor ®,1 unidade,90,16,139,104
Iogurte Grego zero morango Vigor ®,1 unidade,90,"6,5",50,104
Iogurte Molico total cálcio líquido Nestlé ®,1 unidade,170,8,73,104
Iogurte Molico total cálcio polpa (média) Nestlé ®,1 unidade,100,6,42,104
Iogurte morango Protein + zero Frimesa ®,1 unidade,170,15,128,104
Iogurte morango Tirol®,1 unidade,200,27,175,104
Iogurte morango YoPRO Danone ®,1/2 copo,100,5,51,104
Iogurte natural c/ mel Nestlé®,1 unidade,170,23,158,104
Iogurte natural desnatado (média),1 copo,170,11,82,104
Iogurte Natural Desnatado 2 Ingredientes Lacfree,1 copo,160,10,70,104
Iogurte natural desnatado Fiore ®,1 unidade,140,6,85,104
Iogurte natural desnatado Nestlé ®,1 unidade,160,8,57,104
Iogurte natural integral (média),1 copo,170,10,126,104
Iogurte Natural Integral 2 Ingredientes Verde Campo ®,1 copo,160,"7,8",121,104
Iogurte natural integral Batavo ®,1 unidade,170,8,102,104
Iogurte natural integral Danone ®,1 unidade,180,10,121,105
Iogurte natural integral Nestlé ®,1 unidade,170,7,117,105
Iogurte Natural Whey Colherável Bicamada Banana com Canela 11g de Proteína Verde Campo,1 pote,140,20,124,105
Iogurte Natural Whey Colherável Tradicional 14g de Proteína Verde Campo,1 pote,140,10,96,105
Iogurte Natural Whey Cookies and Cream 28g de Proteína Verde Campo,1 copo,200,12,101,105
Iogurte Natural Whey Morango 21g de Proteína Verde Campo ®,1 copo,250,21,180,105
"Iogurte parcialmente desnatado cenoura, laranja e mel Nestlé ®",1 unidade,170,24,179,105
Iogurte parcialmente desnatado com calda frutas vermelhas Batavo ®,1 unidade,100,16,97,105
Iogurte parcialmente desnatado com preparado de mel Nestlé ®,1 unidade,170,23,159,105
Iogurte parcilamente desnatado Morango com calda Nestlé ®,1 unidade,150,20,127,105
Iogurte pedaços abacaxi Batavo ®,1 copo,200,31,203,105
Iogurte pedaços morango Batavo ®,1 copo,200,28,192,105
Iogurte pedaços pêssego Batavo ®,1 copo,200,28,192,105
Iogurte Pense Zero Batido Tradicional Batavo ®,1 copo,200,8,56,105
Iogurte Pense zero Grego morango Batavo ®,1 unidade,100,6,60,105
Iogurte Pense Zero Grego Tradicional Batavo ®,1 pote,100,6,61,106
Iogurte Pense zero morango Batavo ®,1 unidade,100,5,34,106
Iogurte Pense zero Pedaços de morango Batavo ®,1 copo,100,6,40,106
Iogurte pêssego Tirol ®,1 unidade,200,27,175,106
Iogurte petit suisse Danoninho morango ®,1 unidade,40,5,41,106
"Iogurte VIV 3 grãos - chia, quinoa e amaranto - framboesa e limão - Vigor ®",1 unidade,170,26,147,106
"Iogurte VIV 3 grãos - chia, quinoa e amaranto - manga e maracujá - Vigor ®",1 unidade,170,26,147,106
"Iogurte VIV 3 grãos - chia, quinoa e amaranto - tradicional - Vigor ®",1 copo,200,34,186,106
"Iogurte VIV 3 grãos - chia, quinoa e amaranto - tradicional - Vigor ®",1 unidade,170,26,147,106
Iogurte VIV mel Vigor ®,1 unidade,150,19,134,106
Iogurte VIV natural Vigor ®,1 unidade,150,"9,2",90,106
Iogurte Yorgus® Kyds Baunilha,1 pouch,100,11,103,106
Iogurte Yorgus ® Kyds Morango,1 pouch,100,11,103,106
Iogurte Yorgus ® Coco,2 pote,130,13,138,106
Iogurte Yorgus ® Completo Morango,1 garrafinha,250,16,136,106
Iogurte Yorgus ® Frutas Silvestres (polpa ao fundo),1 pote,130,13,100,106
Iogurte Yorgus ® Maçã e Canela (polpa ao fundo),1 pote,130,13,100,106
Iogurte Yorgus ® Mel,1 pote,130,10,98,106
Iogurte Yorgus® Morango sem Lactose (polpa ao fundo),1 pote,130,12,92,106
Iogurte Yorgus® Natural 0% Gordura,1 pote,130,3,70,107
Iogurte Yorgus® Natural Sem Lactose,1 pote,130,"2,6",70,107
Iogurte Yorgus®Ultra Morango e Banana,1 garrafinha,300,21,156,107
Iogurte zero desnatado ameixa Frimesa,1 copo,200,10,65,107
Iogurte zero desnatado morango Frimesa,1 unidade,165,10,68,107
Iogurte zero Itambé Fit ®,1 copinho,100,5,34,107
Iogurte zero lactose frutas vermelhas Frimesa®,1 unidade,170,22,130,107
Iogurte Zero Lactose Nestlé®,1 unidade,90,5,58,107
Isca de carne de porco,1 porção média,110,4,267,107
Isca frita de pirarucu,1 fatia média,100,0,269,107
"Jabuti, carne (cozida)",1 unidade,110,0,173,107
Jabuticaba,1 unidade,5,1,3,107
"Jabuticaba, Geléia (Helomar)",1 colher (sopa),20,13,51,107
"Jabuticaba, Geléia (Josepha)",1 colher (sopa),20,9,37,107
"Jabuticaba, Geléia (Linea Diet)",1 colher (sopa),20,7,18,107
"Jabuticaba, Geléia (Queensberry Diet)",1 colher (sopa),20,7,28,107
"Jabuticaba, Geléia (Queensberry)",1 colher (sopa),20,14,58,107
"Jabuticaba, suco (com açúcar)",1 copo americano duplo,240,31,125,107
"Jabuticaba, suco (sem açúcar)",1 copo americano duplo,240,12,49,107
Jaca,1 bago médio,12,3,11,107
"Jaca, carne de (Desfiada)",1 colher (sopa),20,5,18,107
"Jaca, cozida",1 porção média,50,13,55,107
Jacaré,1 pedaço médio,40,0,50,107
Jacked Potato (Outback) ®,1 porção,350,51,309,107
Jambalaya,1 xicara,245,37,384,108
Jambo cru,1 unidade média,40,3,11,108
Jambu cozido,1 colher de sopa cheia,20,1,6,108
Jamelão ou jambolão,1 unidade média,10,1,4,108
Jaraqui cru,1 pedaço médio,100,0,129,108
Jardineira de Legumes,1 colher (servir) cheia,60,5,26,108
Jardineira de Legumes com carne bovina,1 colher (servir) cheia,60,4,46,108
Jardineira de Legumes com carne de soja,1 colher (servir) cheia,60,8,58,108
Jardineira de Legumes com frango,1 colher (servir) cheia,60,3,60,108
Jenipapo,1 unidade pequena,60,15,68,108
Jiló,1 colher (sopa) cheia,60,4,16,108
Jiló com casca (frito),1 colher (sopa) cheia,60,5,156,108
Jiló com casca (refogado),1 colher (sopa) cheia,60,5,25,108
Joelho de porco (Einsbein),1 porção,100,0,227,108
"Juçara, Palmito",1 unidade,100,4,22,108
"Juçara, Palmito",1 colher (sopa) cheia,15,0,3,108
Jurubeba,1 unidade média,10,2,10,108
Kafta na bandeja,1 porção,100,2,173,108
Kani kama cru,1 unidade,20,3,21,108
Kanimaki,1 unidade,15,4,21,108
Kappamaki de pepino,1 unidade,15,6,25,108
Karo®,1 colher de sopa cheia,20,16,64,108
Kasespatzle (macarrão com queijo),1 pegador,130,28,290,108
Kasha (trigo sarraceno torrado),1 xícara de chá,168,33,155,108
Kasha (trigo sarraceno torrado),1 colher de sopa,35,7,32,109
Kebab de frango tradicional,1 unidade média,385,76,581,109
Kebab vegetariano (falafel) tradicional,1 unidade média,380,77,475,109
Kefir com leite de vaca,1 copo americano duplo,240,6,113,109
Ketchup de tomate,1 colher de sopa cheia,20,6,25,109
Kinder Bueno®,1 unidade,43,21,245,109
Kinder ovo®,1 unidade,20,10,110,109
Kinkan,1 unidade,10,2,7,109
"Kitkat®, chocolate",1 unidade,42,24,220,109
Kiwi,1unidade média,94,11,48,109
Lagarto bovino,1 pedaço médio,35,0,77,109
Lagosta,1 porção,100,0,83,109
"Laka®, chocolate",4 quadradinhos,25,15,135,109
Laranja baía,1 unidade media,180,20,82,109
"Laranja diet, geleia de (média)",1 colher de sopa (cheia),20,7,27,109
Laranja lima,1 unidade media,180,20,82,109
"Laranja, geleia de (média)",1 colher de sopa (cheia),20,12,49,109
Lasanha (média sabores),1 escumadeira,170,23,224,109
Lasanha à bolonhesa,1 escumadeira,170,28,312,109
Lasanha de berinjela a bolonhesa,1 colher de sopa cheia,80,4,79,109
Legumes refogados,1 colher de servir cheia,60,3,56,109
"Legumes, seleta",1 colher de sopa,25,3,14,109
Leite achocolatado,1 copo médio,240,34,194,109
Leite condensado,1 colher de sopa,15,9,47,109
Leite condensado desnatado,1 colher de sopa,15,11,40,109
Leite de amêndoa,1 copo,200,4,66,109
Leite de arroz,1 copo,200,12,63,110
Leite de aveia,1 copo,200,15,87,110
Leite de cabra,1 copo duplo cheio,240,9,161,110
Leite de castanha,1 copo,200,3,65,110
Leite de coco industrializado,1 colher de sopa,20,0,26,110
Leite de coco industrializado light,1 colher de sopa,20,0,17,110
Leite de soja,1 copo,200,8,67,110
Leite de soja zero,1 copo,200,3,56,110
Leite de vaca desnatado,1 copo duplo cheio,240,11,78,110
Leite de vaca desnatado em pó,1 colher (sopa) cheia,10,5,36,110
Leite de vaca integral em pó,1 colher (sopa) cheia,16,6,80,110
Leite de vaca integral pasteurizado,1 copo duplo cheio,240,11,154,110
Leite de vaca semi- desnatado,1 copo médio,240,11,97,110
Leite de vaca semi- desnatado sem lactose,1 copo médio,240,11,98,110
Leite fermendato,1 unidade,80,13,56,110
Leite humano maduro média,1 copo americano pequeno,165,10,112,110
Leite materno,1/2 copo,100,7,67,110
Lentilha cozida,1 colher sopa (cheia),18,3,17,110
Lichia,1 unidade,10,2,6,110
Licor,1 cálice,20,7,62,110
Licor 43,1 dose,50,11,150,110
Licor Amarula,1 dose,50,18,180,110
Licor Frangélico,1 dose,50,18,172,110
Licor Lemoncello,1 dose,50,22,171,110
Limão,1 colher de sopa cheia,12,1,4,110
"Limão, geléia de",1 colher de sopa cheia,20,5,22,111
Limonada s/ açúcar,1 copo,240,2,7,111
Língua de boi cozida,1 fatia média,30,0,94,111
Língua de gato Kompenhagen Soul Good®,1 unidade,6,3,35,111
Língua de gato Kompenhagen®,1 unidade,6,3,36,111
Linguado assado,1 fatia média,100,0,133,111
Linguiça calabresa (média),1 unidade,50,0,150,111
Linguiça calabresa defumada,1 unidade,50,1,140,111
Linguiça de frango,1 gomo,60,0,122,111
Linguiça de peru,1 gomo,50,2,80,111
Linguiça paio,1 unidade,50,0,144,111
Linguiça toscana,1/2 unidade,50,1,90,111
Linhaça (semente),1 colher de sopa,13,6,65,111
Lombo de boi assado,1 pedaço médio,50,0,100,111
Lombo de porco assado,1 pedaço grande,100,0,210,111
Lombo de vitela assado/ cozido,1 pedaço médio,100,0,226,111
Lula cozida,1 unidade média,110,0,106,111
M&M´s® amendoim,1 colher de sopa,12,8,64,111
M&M´s® chocolate,1 colher de sopa,12,9,61,111
M&M´s® chocolate (mini),1 mini tubo,30,19,147,111
M&M’s® crispy,1 colher de sopa,12,8,57,111
Maçã com casca,1 unidade pequena,90,14,58,111
Maçã do amor,1 unidade,110,31,125,111
Maçã seca crocante Jasmine®,1 pacote,40,20,82,111
Maçã verde,1 unidade média,130,19,70,111
"Maçã, suco de (com açúcar)",1 copo,200,22,90,111
"Maçã, suco de (sem açúcar)",1 copo,200,13,51,111
Macadâmica natural,1 porção (punhado),30,4,225,111
Macarrão à bolonhesa,1 escumadeira cheia,110,25,135,112
Macarrão ao alho e óleo,1 escumadeira cheia,110,28,195,112
Macarrão carbonara,1 escumadeira cheia,110,14,294,112
Macarrão com atum,1 escumadeira cheia,110,21,174,112
"Macarrão com molho branco (leite, manteiga e farinha de trigo)",1 escumadeira cheia,110,27,153,112
Macarrão com molho de tomate,1 escumadeira cheia,110,22,131,112
Macarrão com molho pesto,1 escumadeira cheia,110,21,254,112
Macarrão cozido sem molho,1 escumadeira cheia,110,30,138,112
Macarrão de arroz (sem glúten),1 escumadeira cheia,90,21,92,112
Macarrão de arroz e feijão cru Urbano®,1 1/2 xícara,80,52,261,112
Macarrão de arroz integral Urbano® cru (sem glúten),1 1/2 xícara,80,59,274,112
Macarrão de arroz Urbano® cru (sem glúten),1 1/2 xícara,80,62,280,112
Macarrão instantâneo Nissin Lámen® sabor Bacon,1 pacote,85,50,375,112
Macarrão instantâneo Nissin Lámen® sabor Carne,1 pacote,85,54,385,112
Macarrão instantâneo Nissin Lámen® sabor Costela,1 pacote,85,53,391,112
Macarrão instantâneo Nissin Lámen® sabor Galinha,1 pacote,85,50,376,112
Macarrão instantâneo Nissin Lámen® sabor Legumes,1 pacote,85,51,385,112
Macarrão instantâneo Nissin Lámen® sabor Picanha,1 pacote,85,50,377,112
Macarrão integral ao alho e óleo,1 escumadeira cheia,110,28,195,113
Macarrão integral com frutos do mar,1 escumadeira cheia,110,21,143,113
Macarrão integral com molho de tomate,1 escumadeira cheia,110,25,124,113
Macarrão mini fusilli piccolini Barrila® cru,1 prato,80,58,282,113
Macaúba crua,2 unidades,90,13,362,113
Macaxeira cozida (aipim ou mandioca),1 pedaço grande,100,30,125,113
Macaxeira frita (aipim ou mandioca),1 pedaço grande,100,30,225,113
Maionese de batata com legumes,1 colher de sopa cheia,38,3,155,113
Maionese Heinz®,1 colher de sopa,12,0,80,113
Maionese Hellmann’s®,1 colher de sopa,12,1,37,113
Maionese industrializada,1 colher de sopa cheia,17,1,52,113
Maionese industrializada light,1 colher de sopa,12,1,49,113
Maionese light Hellmann’s®,1 colher de sopa,12,1,21,113
Maionese Liza® receita tipo caseira,1 colher de sopa,12,1,37,113
Maionese Liza® tradicional,1 colher de sopa,12,1,16,113
Maionese vegana Helmann’s®,1 colher de sopa,12,0,35,113
Maizena®,1 colher de sopa cheia,20,17,70,113
Mamão formosa,1 fatia grande,170,20,79,113
Mamão formosa,1 fatia média,100,12,47,113
Mamão papaia,1 fatia média,100,10,43,113
Mamão papaia,1/2 unidade,160,16,68,113
Mandioca cozida (aipim ou macaxeira),1 pedaço médio,60,18,75,113
Mandioca cozida (aipim ou macaxeira),1 colher de sopa,20,6,25,114
Mandioca frita (aipim ou macaxeira),1 pedaço grande,100,30,225,114
Mandioca frita (aipim ou macaxeira),1 pedaço médio,60,18,135,114
Mandioquinha ou batata- baroa cozida,1 colher de sopa,30,5,33,114
Mané pelado,1 pedaço médio,70,37,226,114
Manga,1 porção média,100,16,64,114
Manga Espada,1 porção média,100,17,72,114
Manga Haden,1 porção média,100,17,67,114
Manga Palmer,1 porção média,100,19,77,114
Mangaba,1 unidade,25,3,11,114
Maniçoba,1 fatia média,120,4,151,114
Manjar de coco,1 porção,100,35,196,114
Manjar de coco,1 colher de servir,60,21,117,114
Manteiga,1 colher de sopa rasa,19,0,127,114
Manteiga,1 colher de chá rasa,4,0,26,114
Manteiga light,1 colher de chá rasa,4,0,17,114
"Maracujá, polpa de",1 unidade pequena,45,6,33,114
Margarina,1 colher de chá rasa,4,0,25,114
Margarina,1 colher de sopa rasa,19,0,121,114
Margarina light,1 colher de sopa,10,0,32,114
Margarita,1 dose,77,11,168,114
Maria mole,1 porção,60,38,180,114
Marmelada,1 fatia média,40,28,111,114
Marreco assado,1 fatia média,100,0,201,114
Marron glacê,1 fatia média,50,35,141,114
Marshmallow Fini®,4 unidades,20,16,67,114
Martini,1 dose,70,0,160,115
Massa de panqueca sem recheio,1 unidade pequena,30,9,79,115
Massa de pizza integral Wickbold®,1 unidade,40,20,115,115
Massa para pizza,1 fatia média,20,11,57,115
Massa para pizza brotinho,1 unidade,40,19,113,115
Massa pronta para pastel,1 pastel,30,13,89,115
Matrinxã,1 pedaço médio,100,0,188,115
Maxixe cozido com casca,1 colher de sopa cheia,40,2,8,115
Mc Torta de Maçã®,1 unidade,0,29,205,115
McChicken (Mc’ Donalds®),1 unidade,0,37,396,115
McChicken Bacon (Mc Donald’s®),1 unidade,0,37,448,115
McChicken Duplo (Mc’ Donalds®),1 unidade,0,53,665,115
McChicken Junior (Mc’ Donalds®),1 unidade,0,38,343,115
McColosso caramelo (Mc’ Donalds®),1 unidade,0,52,269,115
McColosso chocolate (Mc’ Donalds®),1 unidade,0,48,265,115
McCrispy Chicken Deluxe (Mc Donald’s®),1 unidade,0,54,625,115
McCrispy Chicken Legend (Mc’ Donalds®),1 unidade,0,66,964,115
McCrispy Chicken Melt & Bacon (Mc’ Donalds®),1 unidade,0,54,651,115
McFlurry Kit Kat Chocolate com Coco Caramelo (Mc’ Donalds®),1 porção,0,72,476,115
McFlurry Kit Kat Chocolate com Coco Chocolate (Mc’ Donalds®),1 porção,0,73,511,115
McFlurry Kit Kat Chocolate com Coco Morango (Mc’ Donalds®),1 porção,0,78,512,116
McFlurry Kit Kat Triple Chocolate (Mc’ Donalds®),1 porção,0,67,480,116
McFlurry M&Ms Caramelo (Mc’ Donalds®),1 porção,0,86,504,116
McFlurry M&Ms Chocolate (Mc’ Donalds®),1 porção,0,81,502,116
McFlurry M&Ms Morango (Mc’ Donalds®),1 porção,0,80,467,116
McFlurry Ovomaltine Caramelo (Mc’ Donalds®),1 porção,0,88,473,116
McFlurry Ovomaltine Chocolate (Mc’ Donalds®),1 porção,0,81,468,116
McFlurry Ovomaltine Morango (Mc’ Donalds®),1 porção,0,86,453,116
McFritas Cheddar Bacon (Mc’ Donalds®),1 porção,0,38,431,116
McFritas Grande (Mc’ Donalds®),1 porção,0,50,422,116
McFritas Kids (Mc’ Donalds®),1 porção,0,11,92,116
McFritas Média (Mc’ Donalds®),1 porção,0,35,295,116
McFritas Pequena (Mc’ Donalds®),1 porção,0,25,211,116
McNífico Bacon (Mc’ Donalds®),1 unidade,0,36,640,116
McNuggets 10 (Mc’ Donalds®),1 porção (10 unidades),0,24,414,116
McNuggets 15 (Mc’ Donalds®),1 porção (15 unidades),0,39,521,116
McNuggets 4 (Mc’ Donalds®),1 porção (4 unidades),0,10,166,116
McNuggets 6 (Mc’ Donalds®),1 porção (6 unidades),0,15,249,116
McShake Caramelo com farofa crocante de amendoim (Mc Donald’s®),1 porção,400,79,437,117
McShake Grimace (Mc Donald’s®),1 porção,400,65,350,117
McShake Kopenhagen (Mc Donald’s®),1 porção,400,110,758,117
McShake Morango (Mc Donald’s®),1 porção,400,81,425,117
McShake Ovomaltine (Mc Donald’s®),1 porção,400,106,562,117
Mel,1 colher de sopa rasa,15,12,49,117
Mel,1 sachê pequeno,5,5,16,117
Melado,1 colher de sopa rasa,16,12,49,117
Melancia,1 fatia média,200,13,58,117
Melão,1 fatia grande,115,9,33,117
Merengue,1 colher de sopa,25,23,95,117
Merengue com frutas vermelhas,2/3 de xícara de chá,100,41,216,117
Merluza assada,1 filé médio,100,0,116,117
Michui de filé mingnon (Almanara®),1 porção,100,2,89,117
Michui de frango (Almanara®),1 porção,100,2,91,117
Michui de peixe (Almanara®),1 porção,100,2,99,117
Milho verde,1 unidade grande,100,29,138,117
Milho verde cozido debulhado,1 colher de sopa cheia,24,6,33,117
Milho verde em conserva enlatado,1 colher de sopa cheia,24,5,25,117
Milk shake (média),1 copo,300,55,336,117
Milk shake crocante (Bob’s®),1 copo grande,700,74,551,117
Milk shake crocante (Bob’s®),1 copo médio,500,52,381,118
Milk shake crocante (Bob’s®),1 copo pequeno,300,31,225,118
Milk shake de baunilha,1 porção pequena,300,46,333,118
Milk shake de baunilha,1 porção pequena,300,46,333,118
Milk shake de baunilha,1 porção média,500,76,555,118
Milk shake de baunilha,1 porção grande,700,106,777,118
Milk shake de chocolate,1 porção pequena,300,49,355,118
Milk shake de chocolate,1 porção média,500,81,592,118
Milk shake de chocolate,1 porção grande,700,113,829,118
Milk shake de chocolate (Bob’s®),1 copo grande,700,70,886,118
Milk shake de chocolate (Bob’s®),1 copo médio,500,48,340,118
Milk shake de chocolate (Bob’s®),1 copo pequeno,300,29,204,118
Milk shake de morango,1 porção pequena,300,68,430,118
Milk shake de morango,1 porção média,500,113,717,118
Milk shake de morango,1 porção grande,700,159,1000,118
Milk shake de morango (Bob’s®),1 copo grande,700,141,800,118
Milk shake de morango (Bob’s®),1 copo médio,500,101,571,118
Milk shake de morango (Bob’s®),1 copo pequeno,300,53,308,118
Milk shake Nuts (Bob’s®),1 copo pequeno,300,29,312,118
Milk shake Nuts (Bob’s®),1 copo médio,500,48,556,118
Milk shake Nuts (Bob’s®),1 copo grande,700,73,814,118
Minestrone (sopa),1 prato fundo,300,26,159,118
Mingau (média),1 colher de sopa,37,8,50,118
Mingau de amido de milho (maisena) com açúcar,1 prato raso,195,59,301,118
Mingau de amido de milho (maisena) sem açúcar,1 prato raso,195,44,268,118
Mingau de aveia com açúcar,1 xícara de chá,200,30,219,119
Mingau de aveia sem açúcar,1 xícara de chá,200,25,145,119
Mini Bomba de Chocolate,1 unidade,20,7,60,119
Mini cenouras,1 xícara de chá,100,10,42,119
Mini churro de doce de leite (Habib’s®),1 unidade,20,9,56,119
Mini esfiha de carne,1 unidade,35,12,90,119
Mini Eski-bon (Kibon®),1 porção (9 bombons),60,20,219,119
Mini hamburguer (com pão),1 unidade,60,15,123,119
Mini hot dog,1 unidade,60,15,165,119
Mini kibe,1 unidade,40,5,4,119
Mini kibe frito de cremely (Habib’s®),1 unidade,45,8,100,119
Mini Oreo®,1 pacote,35,23,161,119
Mini pizza,1 unidade,25,14,73,119
Mini Torta de Limão,1 unidade,50,12,108,119
Mini Torta de Maçã,1 unidade,50,18,144,119
Mini Torta de Morango,1 unidade,50,18,109,119
Mini Trakinas® sabor chocolate,1 sachê (8 mini biscoitos),25,16,121,119
Mini Trakinas® sabor morango,1 sachê (8 mini biscoitos),25,17,123,119
Mirtilo (ou blueberry),1/2 xícara de chá,100,14,57,119
Missoshiro,1 porção,200,5,72,119
Misto quente,1 unidade,85,29,212,119
"Miúdos de boi (dobradinha, livrelho)",1 colher de sopa cheia,35,0,44,119
Mix 7 grãos Quaker®,1 colher de sopa1/2 xícara,40,22,137,119
Mix de Soja Natural Jasmine®,1 pacote,40,6,188,119
Mix Sementes e Frutas Jasmine®,1 pacote,40,16,151,120
Mix Sementes e Nuts Jasmine®,1 pacote,40,15,189,120
Mix Sementes Tradicional Jasmine®,1 pacote,40,14,209,120
MixDip M&M’s (Mc’ Donalds®),1 porção,0,110,628,120
Mjadra Almanara®,1 colher de sopa,25,7,39,120
Moela,1 colher de sopa,25,0,31,120
Mojito,1 coquetel,225,25,217,120
Molho à bolonhesa,1 colher de sopa,20,1,22,120
Molho agridoce,1 colher de sopa,15,5,20,120
Molho agridoce (Mc’ Donalds®),1 porção (blister),23,11,46,120
Molho barbecue (Mc’ Donalds®),1 porção (blister),23,10,44,120
Molho barbecue (Mc’ Donalds®),1 porção (blister),23,10,44,120
Molho branco,1 colher de sopa,20,1,13,120
Molho Caesar,1 colher de sopa cheia,25,2,62,120
Molho caipira (Mc’ Donalds®),1 porção (blister),23,7,52,120
Molho caseiro azeite/ vinagre,1 colher de sopa cheia,20,1,43,120
Molho de iogurte,1 colher de sopa cheia,35,2,38,120
Molho de mostarda e mel,1 colher de sopa,15,2,14,120
Molho de pimenta,1 colher de chá,5,0,1,120
Molho de tomate caseiro,1 colher de sopa,20,1,9,120
Molho de tomate tradicional industrializado,1 colher de sopa,20,2,8,120
Molho inglês,1 colher de sopa,14,1,6,120
Molho madeira,1 colher de sopa,15,1,11,120
Molho pesto,1 colher de sopa,20,1,80,120
Molho pesto,1 colher de sopa,20,1,96,121
Molho Ranch (Mc Donald’s®),1 colher de sopa cheia,23,1,111,121
Molho shoyo,1 colher de sopa,10,1,8,121
Molho tártaro gourmet,1 colher de sopa,20,0,34,121
Mondongo (dobradinha),1 colher de servir cheia,70,0,87,121
Moqueca de peixe,1 colher de servir cheia,60,2,79,121
Morango,1 unidade,12,1,4,121
Mortadela,1 fatia,20,3,53,121
Mortadela light,1 fatia,20,0,46,121
Moscow mule,1 coquetel,225,26,216,121
Mostarda,1 colher de sopa,12,0,7,121
Mostarda folha cozida,1 colher de sopa cheia,25,0,6,121
Mousse de chocolate,1 colher de sopa,30,5,71,121
Mousse de maracujá,1 colher de sopa,30,9,65,121
Mousse de Peixe,1 colher de servir rasa,50,2,86,121
Mucilon de arroz,1 colher de sopa cheia,7,6,28,121
Mucilon de milho,1 colher de sopa cheia,7,6,26,121
Muesli,1 colher de sopa,14,11,52,121
Muffin (média),1 unidade,30,17,121,121
Muffin de banana Suavipan®,1 unidade,40,21,147,121
Muffin de chocolate Suavipan®,1 unidade,40,21,142,121
Muffin de laranja Suavipan®,1 unidade,40,20,147,121
Munguzá,1 concha,100,39,185,121
Murici,1 unidade,50,5,21,121
Nabo cozido (picado),1 colher de sopa,15,0,4,121
Nachos,1 porção,25,14,120,122
Nectarina,1 unidade média,100,14,60,122
Negroni,1 dose,70,0,182,122
Negroni,1 dose,200,14,228,122
Nescau®,1 colher de sopa,10,8,36,122
Nescau® 33% menos açúcares,1 colher de sopa,10,8,35,122
Nescau® Ball,1 sachê,75,40,356,122
Nescau® Cereal,1 porção (3/4 de xícara),30,23,116,122
Nescau® Cereal Duo,1 porção (3/4 de xícara),30,23,117,122
Nescau® Cereal Extra Cacau,1 porção (3/4 de xícara),30,116,24,122
Nescau® Chocolate Branco,1 colher de sopa,10,8,38,122
Nescau® Cookie,1 porção,20,13,98,122
Nescau® Extra Cacau 30%,1 colher de sopa,10,6,36,122
Nescau® Extra Cacau 60%,1 colher de sopa,10,5,36,122
Nescau® Extra Cacau pronto pra beber,1 unidade,270,28,178,122
Nescau® Nescafé Dolce Gusgo,1 cápsula,17,9,73,122
Nescau® Prontinho,1 unidade,180,20,120,122
Nescau® Prontinho 3 em 1,1 unidade,180,16,115,122
Nescau® pronto pra beber,1 unidade,270,26,176,122
Nêspera,1 unidade média,90,10,37,122
Nesquick bebida láctea sabor morango (Nestlé®),1 unidade,200,19,120,122
Nesquick em pó sabor morango (Nestlé®),1 colher de sopa,10,6,28,122
Neston 3 Cereais (Nestlé®),1 colher de sopa,7,5,26,122
"Neston bebida láctea sabor maçã, banana e mamão (Nestlé®)",1 unidade,280,35,216,122
Nhoque,1 escumadeira cheia,100,37,184,123
Nhoque,1 colher de sopa,30,7,36,123
Nhoque de batata,1 colher de sopa,30,6,35,123
Niguiri de atum,1 unidade,30,10,60,123
Niguiri de camarão,1 unidade,30,10,65,123
Niguiri sushi de atum,1 unidade,30,10,59,123
Niguiri sushi de kani,1 unidade,30,10,51,123
Niguiri sushi de salmão,1 unidade,30,10,57,123
Niguiri sushi de salmão,1 unidade,30,10,57,123
Ninho soleil sabor morango (Nestlé®),1 unidade,170,31,170,123
Noz,1 unidade,5,1,35,123
Nuggets (média),1 unidade,26,4,64,123
Nuggets de frango tradicional Sadia®,1 unidade,22,3,40,123
Nuggets de legumes Sadia®,1 unidade,21,4,36,123
Nutella,1 colher de sopa,20,12,107,123
Nutella PREMIUM,1 colher de sopa,20,12,107,123
Nutren® Active,1 colher de sopa,16,9,56,123
Nutren® Control Baunilha em pó,1 colher de sopa,14,2,36,123
Nutren® Control Baunilha pronto pra beber,1 frasco,200,14,212,123
Nutren® Control Chocolate® pronto pra beber,1 frasco,200,14,208,123
Nutridrink® Protein em pó,1 porção,30,18,111,123
Óleo de Babaçu,1 colher de sopa,8,0,72,123
Óleo de Canola,1 colher de sopa,8,0,72,123
Óleo de Coco,1 colher de sopa,8,0,71,123
Óleo de Gergelim,1 colher de sopa,8,0,72,123
Óleo de Girassol,1 colher de sopa,8,0,72,123
Óleo de Linhaça,1 colher de sopa,8,0,72,124
Óleo de Milho,1 colher de sopa,8,0,72,124
Óleo de Soja,1 colher de sopa,8,0,72,124
Óleos vegetais,1 colher de sopa cheia,8,0,72,124
Olho de Sogra,1 unidade,10,5,34,124
Omelete,1 ovo,65,2,110,124
Onion rings (Burguer King)®,1 porção,0,52,460,124
Ora pro nobis,1 porção,100,5,26,124
Orégano seco,1 colher café cheia,4,3,10,124
Original (Burguer King) ®,1 unidade,0,32,714,124
Original Cheddar (Burguer King) ®,1 unidade,0,33,541,124
Ovo de codorna,1 unidade,10,0,16,124
Ovo de galinha frito,1 unidade,50,0,117,124
Ovo de galinha inteiro (cozido),1 unidade média,45,0,71,124
Ovo de galinha mexido,1 unidade,50,0,84,124
"Ovo de galinha, clara cozida",1 unidade média,30,0,15,124
"Ovo de galinha, gema cozida",1 unidade média,15,0,53,124
Ovo de Páscoa (média),1 pedaço médio,25,15,134,124
Ovo de Páscoa Amandita ®,1 porção,25,15,135,124
Ovo de Páscoa Bis ®,1 porção,25,15,130,124
Ovo de páscoa Diamante Negro ®,1 porção,25,16,128,124
Ovo de Páscoa Ferrero Rocher ®,1 porção,25,9,151,124
Ovo de Páscoa Kinder Ovo Maxi ®,1 porção,25,13,143,124
Ovo de Páscoa Lacta ®,1 porção,25,15,131,124
Ovo de Páscoa Lacta Diet ®,1 porção,25,15,111,124
Ovo de Páscoa Shot ®,1 porção,25,14,134,124
Ovo de Páscoa Sonho de Valsa ®,1 porção,25,15,134,125
Ovomaltine ®,1 colher de sopa cheia,14,12,53,125
Ovos Benedict com presunto,1 porção,100,13,218,125
Paçoca,1 unidade,32,17,156,125
Paçoca diet Airon,1 unidade,20,7,79,125
Paçoquita ®,1 unidade,20,10,103,125
Paçoquita zero ®,1 unidade,18,8,100,125
Pacu inteiro cru,1 pedaço médio,100,0,292,125
Paio,1 unidade,160,5,363,125
Palha italiana,1 porção,100,65,407,125
Palmito em conserva,1 colher de sopa cheia,15,1,3,125
Pamonha,1 unidade,160,69,413,125
Pamonha doce,1 unidade pequena,130,47,335,125
Panettone frutas,1 fatia pequena,25,14,88,125
Panettone Frutas Zero (Wickbold) ®,1 fatia,80,38,250,125
Panqueca carne,1 unidade média,80,18,229,125
Panqueca de batata (Kartoffelpuffer),1 unidade média,30,22,97,125
Pão 3 queijos ( Subway) ®,1 porção,83,36,244,125
Pão 9 grãos ( Subway) ®,1 porção,78,41,216,125
Pão 9 grãos com aveia e mel ( Subway) ®,1 porção,88,38,216,125
Pão careca doce,1 unidade,50,28,134,125
Pão colonial italiano,1 fatia grande,50,27,128,125
Pão com tucumã,1 unidade,85,28,241,125
Pão de batata-inglesa,1 unidade média,50,29,137,125
Pão de cachorro-quente,1 unidade,58,31,170,125
Pão de centeio integral,1 unidade média,50,23,116,125
Pão de forma 100% integral ( Wickbold) ®,1 fatia,25,8,68,126
Pão de forma 100% Integral Girassol e Castanha ( Wickbold) ®,1 fatia,25,9,61,126
Pão de Forma 12 Grãos 100% Integral ( Pullman) ®,1 fatia,25,9,60,126
Pão de forma branco,1 fatia,25,12,62,126
Pão de forma de aveia,1 fatia,25,15,85,126
Pão de forma de centeio,1 fatia,27,13,75,126
Pão de Forma Grãos e Castanhas ( Pullman ) ®,1 fatia,33,13,82,126
Pão de forma integral,1 fatia,25,11,58,126
Pão de hambúrguer,1 unidade,70,40,188,126
Pão de Hot Dog (Pullman) ®,1 unidade,50,25,129,126
Pão de leite,1 unidade,54,30,149,126
Pão de mel,1 unidade média,15,13,76,126
Pão de mel ( Bauducco) ®,1 unidade,30,21,115,126
Pão de mel ( média),1 unidade,30,20,135,126
Pão de mel (Wickbold) ®,1 unidade,35,19,155,126
Pão de mel doce de leite Cacau Show,1 unidade,50,30,190,126
Pão de milho caseiro,1 fatia média,70,43,200,126
Pão de milho com 50% de farinha de trigo,1 unidade,70,42,204,126
Pão de milho de forma Panco ®,1 fatia,50,29,155,126
Pão de milho industrializado,1 unidade,70,43,201,126
Pão de passas,1 unidade,50,26,136,126
Pão de queijo,1 unidade lanche,45,20,196,126
Pão de queijo,1 unidade tradicional,25,11,109,126
Pão de queijo,1 unidade super lanche,90,40,391,126
Pão de queijo,1 unidade pequena,20,9,87,126
Pão de queijo light Forno de Minas ®,1 unidade média,27,9,55,127
Pão de torresmo,1 fatia,70,33,375,127
Pão Do Forno 100% Integral ( Wickbold) ®,1 fatia,33,11,77,127
Pão doce,1 unidade,50,28,134,127
Pão francês,1 unidade,50,29,135,127
Pão francês integral,1 unidade,50,23,123,127
Pão integral sem gluten Jasmine ®,1 fatia,25,5,33,127
Pão italiano,1 fatia,50,28,125,127
Pão italiano branco (Subway) ®,1 porção,73,36,194,127
Pão multigrãos sem gluten Jasmine ®,1 fatia,25,"8,5",50,127
Pão parmesão e orégano (Subway) ®,1 porção,76,36,210,127
Pão sem Gluten com coco Jasmine®,1 fatia,25,9,52,127
Pão sem gluten Jasmine ®,1 fatia,25,11,63,127
Pão sírio ( Habib’s) ®,1 porção,80,42,260,127
Pão sírio integral Pita Bread ®,1 unidade,50,24,124,127
Pão sírio Pita Bread ®,1 unidade,50,28,139,127
Pão tostado na chapa (Habib’s) ®,1 porção,75,31,236,127
Papinha de macarrão carne e legumes Nestlé ®,1 pote,170,16,128,127
Papinha de banana e aveia Nestlé ®,1 pote,120,13,62,127
Páprica,1 colher de café cheia,4,2,13,127
Pasta de amendoim integral Power one ®,1 colher de sopa,15,3,91,127
Pasta de atum,1 colher de sopa cheia,35,2,112,127
Pasta de tofu,1 colher de sopa cheia,26,2,45,128
Pastel de belém (Habib´s) ®,1 unidade,50,19,146,128
Pastel de carne,1 unidade média,32,5,84,128
Pastel de carne (Habib’s) ®,1 unidade,75,19,223,128
Pastel de queijo,1 unidade média,25,5,75,128
Pastel de queijo (Habib’s) ®,1 unidade,75,18,252,128
Pastel de queijo de forno,1 unidade grande,40,15,185,128
Pastel português,1 unidade média,35,10,149,128
Pastelzinho,1 unidade pequena,8,3,24,128
Patê de atum Coqueiro ®,1 colher de chá,10,0,14,128
Patê de atum ligth Gomes da Costa ®,1 colher de chá,10,1,12,128
"Patê de Foie Gras, enlatado, defumado",1 colher de cha cheia,8,0,22,128
Patê de frango com ervas finas Excelsior ®,1 colher de chá,10,1,20,128
Patê de peito de peru defumado Sadia ®,1 colher de chá,10,0,22,128
Pato no tucupi assado,1 sobrecoxa,100,3,303,128
Pavê de chocolate,1 pedaço médio,85,16,154,128
Pavê de chocolate branco Amor aos Pedaços ®,1 fatia,60,22,226,128
Pé-de-moleque,1 unidade média,17,10,88,128
Pé-de-moleque (Norte),1 pedaço médio,100,45,336,128
Pé-de-moleque diet Airon ®,1 unidade média,14,6,61,128
Pé-de-moleque Santa Helena ®,1 unidade,15,10,73,128
Peito de peru defumado ligth Sadia ®,1 fatia,20,0,21,128
Peito de peru defumado Perdigão ®,1 fatia,25,0,41,128
Peixe de água doce cozido (média),1 filé médio,120,0,117,128
Peixe do mar cozido (média),1 filé médio,120,0,117,128
Peixe grelhado,1 posta ou filé,100,0,180,129
Peixe na telha,1 posta média,230,7,262,129
Pepino com casca (picles),1/4 xícara de chá,50,2,12,129
Pepino cru,1 fatia pequena,3,0,1,129
Pequi refogado,4 unidades médias,70,9,143,129
Pera,1 unidade média,130,19,80,129
Pernil assado,1 fatia,100,1,94,129
Pernil suíno temperado Seara ®,1 fatia,100,0,169,129
Peru (carne branca assada),1 pedaço médio,32,0,57,129
Pescada inteira crua,1 pedaço médio,100,0,111,129
Pescoço de Peru Perdigão®,1 porção,76,1,125,129
Pêssego amarelo,1 unidade média,60,6,29,129
Pessego em calda Schramm ®,1 metade,30,10,41,129
Petit Gateau de chocolate ( Habib’s) ®,1 unidade,185,64,634,129
Picolé abacaxi Kibon ®,1 unidade,59,16,65,129
Picolé chicabon Kibon ®,1 unidade,65,19,106,129
Picolé Chicabon zero Kibon ®,1 unidade,63,13,74,129
Picolé de açai linha leve Oggi®,1 unidade,60,6,41,129
Picolé de amendoim linha leve Oggi®,1 unidade,57,9,41,129
Picolé de chocolate linha leve Oggi®,1 unidade,57,4,73,129
Picolé de coco linha leve Oggi®,1 unidade,57,8,70,129
Picolé de coco la frutta Nestlé ®,1 unidade,58,13,90,129
Picolé de limão linha leve Oggi®,1 unidade,60,6,27,129
Picolé de milho linha leve Oggi®,1 unidade,57,9,71,129
Picolé de morango la frutta Nestlé ®,1 unidade,60,8,36,130
Picolé de uva la frutta Nestlé ®,1 unidade,61,15,62,130
Picolé de uva linha leve Oggi®,1 unidade,60,6,31,130
Picolé fruttare coco Kibon ®,1 unidade,60,14,84,130
Picolé fruttare limão Kibon ®,1 unidade,58,13,51,130
Picolé fruttare manga Kibon ®,1 unidade,83,22,92,130
Picolé fruttare uva Kibon®,1 unidade,59,15,60,130
Picolé linha leve sabor açaí Oggi®,1 picolé,60,6,41,130
Picolé linha leve sabor amendoim Oggi®,1 picolé,60,8,80,130
Picolé linha leve sabor chocolate Oggi®,1 picolé,60,9,73,130
Picolé linha leve sabor coco Oggi®,1 picolé,60,8,70,130
Picolé linha leve sabor limão Oggi®,1 picolé,60,6,27,130
Picolé linha leve sabor milho Oggi®,1 picolé,60,9,71,130
Picolé linha leve sabor uva Oggi®,1 picolé,60,8,34,130
Picolé linha zero Itália® sabor chocolate,1 picolé,58,14,99,130
Picolé linha zero Itália® sabor manga,1 picolé,58,12,49,130
Picolé linha zero Itália® sabor mcoco,1 picolé,58,13,104,130
Picolé linha zero Itália® sabor morango,1 picolé,58,12,88,130
Picolé mega clássico Nestlé ®,1 unidade,73,26,240,130
Picolé mega trufas Nestlé ®,1 unidade,71,27,240,131
Pimenta-do-reino,1 colher de sopa,10,0,2,131
Pimenta-malagueta,1 colher de sopa cheia,15,1,6,131
Pimentão amarelo,1 colher sopa cheia,20,1,5,131
Pimentão verde,1 colher de sopa cheia,13,1,7,131
Pimentão vermelho,1 colher de sopa cheia,20,1,5,131
Pina colada,1 dose,165,18,243,131
Pina colada,1 copo,200,22,298,131
Pinha,1 unidade,60,13,53,131
Pinhão,1 unidade média,10,5,25,131
Pinhão cozido,1 concha,100,44,174,131
Pipoca doce Yoki ®,1/2 xícara de chá,25,19,113,131
Pipoca no óleo/manteiga com sal,1 saco médio,20,14,90,131
Pipoca salgada,1 saco médio,20,14,90,131
Piquiá,1 unidade pequena,50,15,179,131
Pirão de farinha de mandioca,1 colher de sopa cheia,30,9,36,131
Pirarucu,1 filé médio,100,0,120,131
Pirarucu de casaca,1 escumadeira cheia,110,25,293,131
Pirulito,1 unidade,20,19,74,131
Pistache,1 unidade,1,0,4,131
Pitanga,1 unidade,15,1,7,131
Pitaya,1 unidade,80,10,41,131
Pitomba,10 unidades,60,5,20,131
Pizza a moda da casa Habib’s ®,1 fatia,93,28,282,131
Pizza Brasileira,1 fatia média,111,25,268,131
Pizza Califórnia,1 fatia média,100,26,213,131
Pizza de Alcachofra,1 fatia média,100,21,273,131
Pizza de atum,1 fatia média,100,21,258,132
Pizza de bacon,1 fatia média,100,22,288,132
Pizza de bacon com requeijão,1 fatia média,123,26,244,132
Pizza de bacon com requeijão (Pan) ®,1 fatia média,122,24,324,132
Pizza de banana com canela,1 fatia média,100,40,207,132
Pizza de brigadeiro,1 fatia média,100,59,402,132
Pizza de calabresa,1 fatia média,100,21,240,132
Pizza de camarão,1 fatia média,100,21,268,132
Pizza de champignon,1 fatia média,100,22,222,132
Pizza de chocolate ao leite,1 fatia média,100,54,483,132
Pizza de chocolate branco,1 fatia média,100,41,443,132
Pizza de doce de leite,1 fatia média,100,51,423,132
Pizza de Escarola,1 fatia média,100,22,294,132
Pizza de frango,1 fatia média,100,22,229,132
Pizza de frango com catupiry,1 fatia média,111,25,274,132
Pizza de marguerita,1 fatia média,119,27,274,132
Pizza de mussarela,1 fatia média,100,22,278,132
"Pizza de mussarela de búfala, rúcula e tomate seco",1 fatia média,100,22,165,132
Pizza de palmito com mussarela,1 fatia média,100,25,220,132
Pizza de pepperoni,1 fatia média,102,26,274,132
Pizza de portuguesa,1 fatia média,125,24,246,132
Pizza de Prestígio,1 fatia média,100,55,420,132
Pizza de quatro queijos,1 fatia média,100,27,277,132
Pizza de quatro queijos com catupiry Habib’s ®,1 fatia média,105,17,270,132
Pizza de Romeu e Julieta,1 fatia média,100,27,266,132
Pizza de Rúcula,1 fatia média,100,22,255,132
Pizza Napolitana,1 fatia média,100,20,207,132
Pizza Toscana,1 fatia média,100,20,227,132
Pizza Vegetariana,1 fatia média,111,22,192,133
Polenguinho ®,1 unidade,20,2,72,133
Polenguinho light ®,1 unidade,20,2,51,133
Polenta com molho de carne,1 escumadeira,100,8,59,133
Polenta cozida,1 pedaço médio,30,3,20,133
Polenta frita,1 pedaço pequeno,20,2,18,133
Polenta mole,1 concha pequena,100,8,59,133
Polpetone a parmeggiana,1 unidade,150,12,280,133
Polvilho,1 colher de sopa cheia,16,14,56,133
Polvo cru,1 porção,200,4,160,133
Porco frito com rodelas de limão,1 porção,100,0,311,133
Prato do chef picanha 160g (Bob’s) ®,1 porção,300,29,608,133
Prato primavera (Habib’s) com pão sirio ®,1 porção,559,83,772,133
Prato verão (Habib’s) ®,1 porção,451,76,723,133
Premium salad (Mc’Donalds) ®,1 porção,0,3,104,133
Presunto cozido,1 fatia média,15,0,22,133
Presunto de peru,1 fatia média,15,0,15,133
Pringles original ®,1 unidade,2,1,10,133
Pringles sabor cebola ®,1 porção,25,14,129,133
Proteína texturizada de soja,1 xícara ou 1 hambúrguer,50,15,171,133
Pudim de leite,1 fatia média,50,12,91,133
Pudim de leite condensado,1 fatia média,70,24,171,133
Pudim de passas,1 fatia média,50,14,95,133
Pudim de tapioca,1 fatia grande,110,19,263,133
Pudim de tapioca com leite condensado,1 fatia grande,90,40,150,133
Pupunha,1 unidade média,25,5,41,133
Purê de batata,1 colher de sopa cheia,45,8,56,134
Purê de batata,1 concha,140,22,152,134
Purê de inhame,1 colher de sopa cheia,40,7,49,134
Purê de tomate,1 colher de sopa cheia,45,5,22,134
Quarteirão Sanduíche Mc’Donalds®,1 unidade padrão,0,34,549,134
Quebra-Queixo,1 pedaço pequeno,30,22,180,134
Queijadinha,1 unidade pequena,20,10,70,134
Queijo Brie,1 fatia,30,0,112,134
Queijo Camembert,1 fatia,30,0,114,134
Queijo Canastra,1 fatia,30,1,111,134
Queijo Catupiry® Original,1 colher de sopa,30,0,80,134
Queijo Cheddar,1 fatia fina,15,0,53,134
Queijo Coalho,1 fatia,30,1,106,134
Queijo Cottage,1 colher de sopa cheia,30,1,37,134
Queijo de Cabra,1 porção,30,0,135,134
Queijo Edam Tirolez®,1 pedaço,30,0,104,134
Queijo Emental Vigor®,1 fatia,30,0,125,134
Queijo Gorgonzola nacional,1 fatia média,30,1,105,134
Queijo Gouda,1 fatia,30,0,115,134
Queijo Gruyere Polenghi®,1 fatia,30,0,113,134
Queijo minas frescal light Polenghi®,1 colher de sopa,25,1,33,134
Queijo Minas meia cura,1 fatia,30,1,96,134
Queijo Minas Padrão (média),1 fatia,30,0,107,134
Queijo Minas Padrão Vegano VidaVeg®,1 fatia,30,9,93,134
Queijo Muçarela,1 fatia fina,20,0,65,134
Queijo muçarela de búfala,1 fatia média,15,0,43,134
Queijo Muçarela Light,1 fatia,15,0,38,134
Queijo Muçarela Vegano VidaVeg®,1 fatia,30,9,95,135
Queijo parmesão,1 fatia,30,0,116,135
Queijo parmesão ralado,1 colher de sopa,15,0,70,135
Queijo Polenghinho® Light,1 unidade,20,1,35,135
Queijo prato,1 fatia fina,15,0,59,135
Queijo provolone,1 fatia média,15,0,52,135
Queijo provolone Tirolez®,1 fatia,15,0,56,135
Queijo ricota,1 fatia média,35,1,54,135
Queijo roquefort,1 fatia pequena,20,0,71,135
Queijo roquefort nacional,1 fatia média,30,0,120,135
Queijo suiço,1 fatia média,30,0,120,135
Queijo tipo requeijão,1 fatia média,30,0,89,135
Queijo tofu,1 pedaço pequeno,10,0,7,135
Queijo-de-minas frescal,1 fatia média,30,1,73,135
Queijo-de-minas frescal light,1 fatia média,30,1,71,135
Queijo-do-reino Tirolez®,1 pedaço pequeno,30,0,108,135
Quentão,1/2 copo,100,34,295,135
Quiabo cozido,1 colher de sopa,15,1,6,135
Quibe assado,1 porção\pedaço médio,100,15,172,135
Quibe cru,1 porção\pedaço médio,100,20,126,135
Quibe frito,1 unidade média,50,9,127,135
Quibe frito (festa),1 unidade pequena,12,2,31,135
Quibe frito (Habib’s)®,1 unidade padrão\ média,85,14,152,135
Quibebe (Purê de abóbora),1 colher de sopa,25,3,22,135
Quiche de Espinafre,1 fatia média,100,14,155,135
Quiche de Presunto e Queijo,1 unidade média,50,10,259,135
Quiche de Queijo,1 unidade pequena,20,4,78,135
Quiche de Queijo Sadia®,1 fatia,113,21,357,135
Quindim,1 unidade média,35,15,111,135
Quindim,1 unidade grande,70,30,222,136
Quindim,1 unidade pequena,18,8,56,136
Quinoa (Grãos),1 colher de sopa,15,10,53,136
Quinoa em grãos Mãe Terra®,1/4 xícara de chá,45,26,153,136
"Rã, carne de (desfiada)",1 colher de sopa cheia,10,0,7,136
Rabada,1 unidade média,40,1,155,136
Rabada de Boi,1 porção,100,0,365,136
Rabanada,1 unidade média,60,19,175,136
Rabanada (preparada com vinho tinto),1 unidade média,60,19,149,136
Rabanada assada (preparada com leite condensado),1 unidade média,55,22,126,136
Rabanada com açúcar e canela em pó,1 porção,100,31,293,136
Rabanada frita simples (preparada com leite),1 unidade média,65,20,159,136
Rabanete cru,1 colher de sopa cheia,35,1,8,136
Rabanete cru,1 prato de sobremesa,100,3,14,136
Rap Comum Pullman®,1 unidade,40,20,110,136
Rap Integral Pullman®,1 unidade,40,20,120,136
Rap Light Pullman®,1 unidade,40,17,83,136
Rap10 Chocolate (Bimbo®),1 unidade,40,18,106,136
Rap10 Fibras (Bimbo®),1 unidade,40,17,109,136
Rap10 Fit (Bimbo®),1 unidade,40,21,101,136
Rap10 Original (Bimbo®),1 unidade,40,18,110,136
Rapadura,1 pedaço médio,55,48,194,136
Rapadura de Minas Rapadurinha®,1 unidade,25,22,86,136
Ratatouille,1 porção,107,6,77,136
Ravióli de carne,1 escumadeira,50,25,141,136
Ravióli de queijo,1 escumadeira,50,19,149,137
Red Bull ® - bebida energética tradicional,1 lata,250,28,110,137
Red Bull ® Sugar Free bebida energética,1 lata,250,2,10,137
Refresco comum com açúcar (média) - refresco de saquinho em pó,1 copo,200,15,56,137
Refresco Diet Clight®,1 copo,200,0,5,137
Refrigerante citrus (Schweppes)®,1 lata,350,42,170,137
Refrigerante comum (média),1 copo duplo,240,24,96,137
Refrigerante diet (média),1 copo duplo,240,0,0,137
Refrigerante zero (média),1 copo duplo,240,0,0,137
Repolho cozido (picado),1 colher de sopa cheia,10,0,1,137
Repolho cru (picado),1 colher de sopa cheia,10,0,2,137
Requeijão comum cremoso (média padrão),1 colher de sopa cheia,30,1,106,137
Requeijão cremoso Light,1 colher de sopa cheia,30,1,54,137
Requeijão Itambé® - sabores Ervas Finas ou Cheddar,1 e 1\2 colher de sopa,45,1,126,137
Requeijão Tradicional Vegano VidaVeg® de Castanha de Caju,1 colher de sopa,30,2,83,137
Risole (salgado),1 unidade média,35,14,145,137
Risole de Queijo,1 unidade,50,8,112,137
Risoto (média),1 colher de sopa,25,6,41,137
Risoto à grega Tio João®,1 colher de sopa rasa,15,12,53,137
Risoto de Camarão,1 colher de sopa cheia,25,6,45,137
Risoto de Frango,1 colher de sopa cheia,25,6,45,137
Rocombole Baunilha com recheio Chocolate Bauducco®,1 fatia,60,24,193,138
Rocombole de Doce de Leite,1 pedaço médio,80,45,232,138
Rocombole doce Pullman® (média),1 fatia,50,31,180,138
Rolinho Primavera,1 unidade,100,9,174,138
Roll cake de chocolate,1 unidade,38,22,143,138
Romã,1 unidade,50,7,28,138
Rosbife,1 fatia,50,0,83,138
Rosquinha 7 grãos Da Magrinha® (média dos sabores),1 unidade,8,4,22,138
Rosquinha de Cacau Cacau Suavipan®,1 pacote pequeno,30,18,98,138
Rosquinha de Coco Light Suavipan®,1 pacote,35,21,117,138
Rosquinhas de leite (média),1 unidade média,7,4,27,138
Rúcula,1 pires cheio,15,2,6,138
Ruffles® Batata Chips,1\2 xícara de chá,25,12,136,138
Ruffles® Batata Chips,1 pacote pequeno,60,29,338,138
Rum (40% álcool),1 dose padrão,50,0,115,138
Sagu cru,1 colher de sopa cheia,30,27,105,138
"Sagu de leite, tradicional",1 colher de sopa cheia,30,6,40,138
"Sagu tradicional, em vinho",1 colher de sopa cheia,20,6,29,138
Salada Agadir,1 porção,100,3,167,138
Salada Almanara,1 porção,100,9,156,138
Salada Caesar,1 porção grande,180,12,152,138
Salada Caesar,1 porção pequena,80,10,97,138
Salada com carne (Bob’s®),1 porção,160,3,483,138
Salada com frango empanado (Bob’s®),1 porção,180,17,418,138
Salada de batata com maionese,1 colher de sopa cheia,38,4,41,139
Salada de batata com maionese,1 Porção média,90,10,97,139
"Salada de frutas sem açúcar (laranja, banana, maçã e mamão)",1 copo pequeno,150,24,99,139
"Salada de frutas sem açúcar (laranja, banana, maçã e mamão)",1 colher de sopa cheia,38,6,24,139
"Salada de legumes com maionese (batata, cenoura e vagem)",1 colher de sopa cheia,38,3,36,139
"Salada de legumes cozida no vapor (couve- flor,cenoura, brócolis, batata e vagem)",1 Colher de sopa cheia,38,3,13,139
Salada Veggie (Bob’s®),1 porção,0,6,184,139
Salame,1 fatia média,5,0,20,139
Salgadinho Pingo d’ouro sabor bacon Elma Chips ®,1 e 1/2 xícara,25,8,90,139
Salmão defumado,1 porção,100,0,112,139
Salmão filé a milanesa (farinha de rosca e ovo),1 fatia média,100,17,362,139
"Salmão filé cozido ao molho branco (farinha de trigo, manteiga e leite)",1 filé médio,100,4,199,139
Salmão grelhado,1 fatia média,100,0,243,139
Salpicão de frango,1 colher de sopa cheia,25,1,37,139
Salsa crua,1 colher de sopa cheia,5,0,2,139
Salsão cru,1 colher de sopa cheia,19,0,3,139
Salsicha Comum,1 unidade,50,1,104,139
"Salsicha comum com molho de tomate (tomate, óleo, cebola e alho)",1 unidade,50,3,111,139
Salsicha de frango Sadia®,1 unidade média,50,1,99,140
Salsicha de peru Sadia®,1 unidade média,50,2,104,140
Salsicha envasada (em conserva) Oderich®,1 unidade média,50,0,70,140
Salsicha light,1 unidade média,30,3,36,140
Salsichão,1 unidade média,60,2,139,140
"Sanduíche americano (pão com presunto, queijo, alface, tomate, ovo e maionese)",1 unidade média,210,30,446,140
Sanduiche BMT italiano (Subway®),1 porção de 15cm,216,47,405,140
Sanduiche de almondegas (Subway®),1 porção de 15cm,379,61,498,140
Sanduiche de atum (Subway®),1 porção de 15cm,233,47,337,140
Sanduiche de carne e queijo (Subway®),1 porção de 15cm,234,48,344,140
"Sanduíche de frango (pão de forma, peito de frango grelhado, alface americana, cenoura crua e tomate)",1 unidade média,140,26,229,140
Sanduiche de frango (Subway®),1 porção de 15cm,228,48,331,140
Sanduiche de frango defumado c/ cream cheese (Subway®),1 porção de 15cm,232,47,372,140
Sanduiche de frango teriyaki (Subway®),1 porção de 15cm,237,61,361,140
Sanduíche de pão francês com salame,1 unidade,80,32,270,140
"Sanduíche de pão francês, c/ presunto, queijo muçarela, alface e tomate",1 unidade média,140,33,287,140
"Sanduíche de pão sirio com queijo minas, alface e tomate",1 unidade média,130,38,256,140
Sanduiche de peito de peru (Subway®),1 porção de 15cm,219,47,289,141
Sanduiche de presunto (Subway®),1 porção de 15cm,204,46,273,141
Sanduiche de rosbife (Subway®),1 porção de 15cm,222,45,304,141
"Sanduíche misto quente (pão forma integral, c/ presunto e queijo muçarela)",1 unidade,110,26,257,141
"Sanduíche queijo quente (pão branco tradicional, queijo muçarela e manteiga)",1 unidade,90,24,299,141
Sanduíche Salada de frango (Bob’s®),1 unidade,0,31,331,141
Sanduiche Steak churrasco (Subway®),1 porção de 15cm,226,51,378,141
Sanduiche Subway Club (Subway®),1 porção de 15cm,260,47,335,141
Sanduiche vegetariano Sub Veg (Subway®),1 porção de 15cm,283,48,654,141
"Sanduíche, cheese salada (hambúrguer bovino grelhado c/ pão hambúrguer, queijo prato, alface e tomate",1 unidade,210,49,499,141
"Sanduíche, hambúrguer bovino grelhado (c/ pão hambúrguer, alface e tomate",1 unidade,160,47,334,141
"Sanduíche, hambúrguer de grão de bico (pão vegano), alface e tomate, c/ maionese vegana",1 unidade,100,32,236,141
"Sanduíche, pão forma tradicional, atum em conserva e maionese",1 unidade,100,28,225,141
"Sangria (vinho tinto, água com gás e frutas)",1 copo,150,15,140,141
Sapoti,1 unidade pequena,50,13,48,141
Saquê ou Sakê,1 dose,50,3,67,141
Sarapatel,1 porção,100,1,123,142
Sardinha assada,1 porção,100,0,164,142
Sardinha enlatada em molho de tomate,1 unidade média,41,0,108,142
Sardinha enlatada em óleo,1 unidade média,41,0,116,142
Sardinha frita,1 unidade média,100,0,257,142
Sashimi de atum,1 fatia,10,0,12,142
Sashimi de salmão,1 fatia,10,0,15,142
Semente de abóbora,1 colher de sopa rasa,7,1,32,142
Semente de chia,1 colher de sopa,15,6,66,142
Semente de Gergelim,1 colher de sopa cheia,6,1,37,142
Semente de girassol com casca,1 colher de sopa cheia,5,1,33,142
Semente de girassol sem casca,1 colher de sopa cheia,5,1,31,142
Semente de linhaça dourada,1 colher de sobremesa rasa,8,3,42,142
Semente de linhaça marrom,1 colher de sobremesa rasa,8,0,32,142
Semente de linhaça moída,1/2 colher de sopa cheia,8,0,32,142
Sex on the beach,1 coquetel,225,30,326,142
Shimeji / Shitake,1 porção,100,6,190,142
Shoyu light,1 colher de sopa,12,"1,4",7,142
Siri cozido,1 unidade pequena,16,0,15,142
Siriguela,1 unidade,20,40,15,142
Snacks de soja Good Soy Believe® (sabores),1 pacote,25,17,100,142
Soja cozida,1 colher de servir cheia,28,4,44,142
Sopa caldo verde,1 concha média,130,8,104,142
"Sopa canja (frango, peito, c/ cenoura, batata, tomate e aipo (salsão), arroz polido)",1 concha média,130,8,90,142
Sopa de cebola (caldo),1 concha média,140,8,38,143
Sopa de cogumelo (caldo),1 concha média,130,2,10,143
Sopa de creme de ervilha industrializada,1 concha média,130,6,37,143
Sopa de ervilha,1 concha média,130,26,165,143
Sopa de espinafre (creme),1 concha média,130,6,64,143
Sopa de feijão,1 concha média,130,14,71,143
Sopa de feijão branco (Cassoulet),1 concha média,100,9,171,143
Sopa de feijão com macarrão,1 concha média,130,30,211,143
Sopa de inhame,1 concha média,130,13,70,143
Sopa de legumes,1 concha média,130,12,73,143
Sopa de legumes com carne,1 concha média,130,4,103,143
Sopa de legumes com frango,1 concha média,130,5,81,143
Sopa de lentilha,1 concha média,130,16,108,143
Sopa de macarrão com vegetais,1 concha média,130,15,79,143
Sopa de mandioca (aipim / macaxeira),1 concha média,130,18,85,143
Sopa de milho (fubá),1 concha média,130,17,90,143
Sopa italiana Minestrone,1 concha média,160,14,74,143
Sorvete (casquinha) baunilha (Bob’s)®,1 unidade,0,28,176,143
Sorvete (média),1 bola média,60,19,161,143
Sorvete de casquinha baunilha (Mc’Donalds)®,1 unidade,0,31,185,143
Sorvete de casquinha chocolate (Mc’Donalds)®,1 unidade,0,31,192,143
Sorvete de casquinha mista (Mc’Donalds),1 unidade,0,31,182,143
Sorvete de creme Kibon ®,1 bola média,60,14,102,143
Sorvete diet/light (média),1 bola média,60,10,62,143
Sorvete Garoto chocolate ao leite®,1 bola média,60,17,123,144
Sorvete Garoto chocolate branco e negresco®,1 bola média,60,12,112,144
Sorvete Gelato Cioccolato diet Bacio di Late®,1 bola,60,11,90,144
Sorvete Gelato Cioccolato diet Bacio di Late®,1 bola,60,11,90,144
Sorvete Kibon Cremosíssimo Napolitano®,1 bola média,60,16,116,144
Sorvete Kibon Deliciosamente Vegano®,1 pote,800,24,180,144
Sorvete light sabor baunilha La Basque®,1 bola média,60,13,86,144
Sorvete light sabor chocolate La Basque®,1 bola média,60,13,90,144
Sorvete linha zero Itália® sabor choco chips,1 bola,60,6,82,144
Sorvete linha zero Itália® sabor choco chips,1 bola,60,6,82,144
Sorvete linha zero Itália® sabor chocolate,1 bola,60,15,102,144
Sorvete linha zero Itália® sabor chocolate,1 bola,60,15,102,144
Sorvete linha zero Itália® sabor chocolate belga,1 bola,60,4,78,144
Sorvete linha zero Itália® sabor chocolate belga,1 bola,60,4,78,144
Sorvete linha zero Itália® sabor coco,1 bola,60,14,108,144
Sorvete linha zero Itália® sabor coco,1 bola,60,14,108,144
Sorvete linha zero Itália® sabor flocos,1 bola,60,6,81,144
Sorvete linha zero Itália® sabor flocos,1 bola,60,6,81,144
Sorvete linha zero Itália® sabor manga,1 bola,60,12,50,144
Sorvete linha zero Itália® sabor manga,1 bola,60,12,50,145
Sorvete linha zero Itália® sabor morango,1 bola,60,12,88,145
Sorvete linha zero Itália® sabor morango,1 bola,60,12,88,145
Sorvete linha zero Itália® sabor pistache,1 bola,60,14,79,145
Sorvete linha zero Itália® sabor pistache,1 bola,60,14,79,145
Sorvete linha zero Itália® sabor tapioca,1 bola,60,6,83,145
Sorvete linha zero Itália® sabor tapioca,1 bola,60,6,83,145
Sorvete linha zero Itália® sabor vanilla,1 bola,60,4,63,145
Sorvete linha zero Itália® sabor vanilla,1 bola,60,4,63,145
Sorvete Moça brigadeiro®,1 bola média,60,19,112,145
Sorvete Sensação®,1 bola média,60,17,120,145
Sorvete zero açúcar Chicabon Kibon®,1 bola média,60,9,66,145
Sorvete zero açúcar sabor chocolate LosLos®,1 bola média,60,16,106,145
Sorvete zero açúcar sabor Frutas Vermelhas Eskimó®,1 bola média,60,13,81,145
Sorvete zero açúcar sabor napoliano Nestlé®,1 bola média,60,4,71,145
Sorvete zero Chicabon ®,1 bola média,60,9,66,145
Sorvete zero sabor napolitano Frosty®,1 bola média,60,52,8,145
Stacker Duplo Bacon (Burguer King)®,1 unidade,0,20,157,145
Strogonofe de pinhão com shitake,1 porção,250,48,374,145
Strogonoff de carne,1 colher de sopa cheia,25,1,42,145
Strogonoff de frango,1 colher de sopa cheia,25,1,38,146
Strudel de maçã,1 fatia pequena,50,21,137,146
Strudel de queijo,1 fatia fina,76,22,188,146
Suco de abacaxi com açúcar,1 copo duplo cheio,240,27,112,146
Suco de abacaxi sem açúcar,1 copo duplo cheio,240,10,41,146
Suco de açaí com xarope,1 copo,200,60,365,146
Suco de acerola com açúcar,1 copo duplo cheio,240,15,62,146
Suco de acerola com laranja sem açúcar,1 copo,200,25,113,146
Suco de acerola sem açúcar,1 copo duplo cheio,240,3,15,146
Suco de caju sem açúcar,1 copo,200,3,11,146
Suco de graviola sem açúcar,1 copo,200,7,35,146
Suco de laranja 100% Maratá,1 copo,200,21,84,146
Suco de laranja diluído (meio a meio) sem açúcar,1 copo,200,11,45,146
Suco de laranja e cenoura sem açúcar,1 copo,200,15,66,146
Suco de laranja sem açúcar,1 copo,200,21,90,146
Suco de maçã Campo Largo®,1 copo,200,23,93,146
Suco de maçã Natural One®,1 copo,200,24,96,146
Suco de maçã Yakult® (100% suco),1 unidade,200,20,80,146
Suco de mamão com laranja sem açúcar,1 copo,200,26,110,146
Suco de mamão sem açúcar,1 copo,200,11,46,146
Suco de manga sem açúcar,1 copo,200,10,40,146
Suco de maracujá com açúcar,1 copo,200,12,52,146
Suco de melancia sem açúcar,1 copo,200,19,88,146
Suco de melão com açúcar,1 copo duplo cheio,240,19,77,147
Suco de morango com açúcar,1 copo duplo cheio,240,19,83,147
Suco de morango sem açúcar,1 copo duplo cheio,240,9,38,147
Suco de pessego néctar (com açúcar),1 copo duplo cheio,240,33,134,147
Suco de pêssego sem açúcar,1 copo,200,7,32,147
Suco de tangerina (mexerica) sem açúcar,1 copo,200,18,86,147
Suco de tomate sem açúcar,1 copo,200,9,38,147
Suco de uva integral,1 copo duplo cheio,240,35,146,147
Suco de uva Kapo®,1 caixinha,200,19,79,147
Suco Del Valle® (média),1 copo,200,28,112,147
Suco Del Valle® light (média),1 copo,200,6,24,147
Suco Maguary® sem açúcar,1 copo,200,3,14,147
Suco natural de maracujá sem açúcar,1 copo,200,2,14,147
"Suco natural, melão s/ açúcar",1 copo duplo cheio,240,7,31,147
Suco Tang®,1 copo,200,21,84,147
Sucrilhos Kelloggs® Cereal Matinal,1 xícara,30,26,109,147
Suflê de alho poró com molho branco e parmesão,1 colher de servir,60,8,123,147
Suflê de batata baroa com molho branco e parmesão,1 colher de servir,60,8,83,147
Suflê de frango com molho branco e parnmesão,1 colher de servir,60,5,97,147
Sundae caramelo (Mc’Donalds) ®,1 unidade,0,48,310,147
Sundae chocolate (Bob’s) ®,1 unidade,172,80,463,147
Sundae Chocolate (Bob’s)®,1 unidade,0,49,331,147
Sundae chocolate (Mc’Donalds) ®,1 unidade,0,44,311,148
Sundae Kibon®,1 unidade,145,41,266,148
Sundae morango (Mc’Donalds) ®,1 unidade,0,46,290,148
Sundae Morango (Bob’s)®,1 unidade,0,62,389,148
Super Coffee® Beijinho,1 dose,10,2,52,148
Super Coffee® Chocolate,1 dose,10,1,50,148
Super Coffee® Doce de Leite,1 dose,10,1,45,148
Super Coffee® Língua de Gato,1 dose,10,2,49,148
Super Coffee® Original,1 dose,10,1,49,148
Super Coffee® Paçoca,1 dose,10,2,52,148
Super Coffee® Pistache,1 dose,10,2,54,148
Super Coffee® Vanilla Latte,1 dose,10,1,50,148
Sushi de Atum,1 unidade,30,7,40,148
Sushi de Salmão,1 unidade,30,7,38,148
Sushi de salmão com manga e pepino,1 unidade média,30,7,40,148
Sushi de salmão e cream cheese,1 unidade média,30,7,51,148
Sushi Kappamaki,1 unidade média,15,5,17,148
Suspiro,1 unidade média,10,9,37,148
Suspiro Diet (Merenguinho®),1 unidade,2,1,5,148
Suspiro zero açúcar Doce Amor®,8 unidades,10,5,18,148
Suspiro zero açúcar Doce Amor®,1 unidade,1,1,2,148
Suspiro zero açúcar WheyViv®,1 pacotinho,25,6,66,148
Suspiro zero açúcar WheyViv®,1 unidade,1,0,2,148
Sustagem® Kids (média),1 colher de sopa,9,8,35,148
Sustagen®,1 colher sopa,10,6,38,148
Tabule,1 colher de servir,50,"5,3",28,149
Taco de Carne Moída Soft- Taco Bell ®,1 unidade,92,17,207,149
Taco de Frango Soft - Taco Bell ®,1 unidade,92,17,167,149
Tainha peixe filé cozido,1 posta pequena,100,0,189,149
Tâmara seca,1 unidade,7,6,22,149
Tamarindo,1 unidade média,8,6,22,149
Tambaqui recheado com castanha do pará e abricó,1 filé,156,3,236,149
Tangerina ponkã,1 unidade media,135,13,54,149
"Tangerina, Bergamota ou Mexerica",1 unidade grande,100,15,58,149
Tapioca com manteiga e sal,1 unidade pequena,80,50,282,149
"Tapioca, c/ leite condensado e coco",1 unidade média,110,67,344,149
"Tapioca, c/ queijo coalho e muçarela",1 unidade média,110,57,327,149
Tatu (carne),1 porção,100,0,172,149
Temaki,1 unidade,90,20,149,149
Temaki de Atum,1 unidade,100,18,157,149
Temaki de Salmão,1 unidade,100,18,190,149
Tempero Maggi fondor ®,1 colher de chá,5,1,3,149
Tender de porco bola,1 fatia média,35,0,42,149
Tequila,1 dose,50,0,110,149
"Terrine de legumes, com macaúba e major-gomes",1 porção pequena,50,2,60,149
Tiramissu,1 fatia média,100,24,283,149
Tiramissu gelato sem açúcar,1 fatia média,100,13,112,149
Toddy original pó ®,2 colheres de sopa,20,19,80,149
Toddynho ®,1 caixinha,200,27,167,149
Toddynho Levinho®,1 caixinha,200,15,89,149
Tofu,1 fatia média,40,1,26,149
Tomate,1 unidade pequena,50,2,10,149
"Tomate, molho industrializado",1 porção,100,8,38,150
"Tomate, purê industrializado",1 colher de sopa,20,1,3,150
Top sundae caramelo (Mc’ Donalds) ®,1 unidade,0,67,401,150
Top sundae chocolate (Mc’ Donalds) ®,1 unidade,0,60,396,150
Top sundae morango (Mc’ Donalds) ®,1 unidade,0,61,354,150
Toranja,1 unidade pequena,120,11,48,150
Torrada de pão francês caseira,1 unidade,8,6,29,150
Torrada Integral Bauducco,1 unidade,10,6,35,150
Torrada Magic Toast® cacau e cereais,6 biscoitos,18,14,66,150
Torrada Magic Toast® integral,6 biscoitos,18,12,64,150
Torrada Magic Toast® light em açúcares,6 biscoitos,18,14,65,150
Torrada Magic Toast® multicereal,6 biscoitos,18,12,60,150
Torrada Magic Toast® peito de peru,6 biscoitos,18,17,60,150
Torresmo,1 escumadeira,90,0,541,150
Torresmo,1 fatia,20,0,109,150
Torrone com amendoim Montevérgine ®,1/3 de barra grande,30,20,113,150
Torrone com amendoim Montevérgine ®,1 unidade pequena,10,6,40,150
Torta Churros Tortamania®,1 fatia fina,60,39,215,150
Torta de banana (Mc’ Donalds)®,1 unidade,0,26,198,150
Torta de batata com carne,1 fatia fina,80,8,116,150
Torta de batata com carne,1 fatia média,80,8,116,150
Torta de frango,1 fatia média,100,15,207,150
Torta de limão,1 fatia pequena,50,25,181,150
Torta de maçã (Mc’ Donalds) ®,1 unidade,0,29,205,151
Torta de morango,1 fatia pequena,60,29,150,151
Torta Floresta Negra Tortamania®,1 fatia pequena,60,24,163,151
Torta mesclada de morango Tortamania®,1 fatia fina,60,29,150,151
Torta Mousse de chocolate com raspas de chocolate Sadia®,1 Fatia fina,50,21,198,151
Torta Mousse de maracujá Sadia®,1 fatia fina,50,18,96,151
Tortilha com farinha de milho,1 unidade média,100,45,214,151
Toucinho cru,1 porção,100,0,593,151
"Toucinho defumado (bacon), frito, c/ alho e alecrim",1 fatia fina,15,1,98,151
Tremoço cru,1 colher de sopa cheia,15,6,49,151
Tremoço em conserva,1 colher de sopa,20,3,21,151
Trigo grão cru,1 colher de sopa,20,15,67,151
Trigo para quibe cozido,1 colher de sopa,25,5,19,151
"Trigo, bolo de",1 fatia média,60,36,203,151
"Trigo, farelo de",1 colher de sopa rasa,10,2,27,151
"Trigo, gérmen de",1 colher de sopa cheia,10,5,37,151
Trufa de chocolate com cereja,1 unidade grande,50,29,246,151
Trufa de chocolate com cereja e licor caseiro,1 unidade grande,50,29,243,151
Tucumã in natura,1 unidade,50,13,130,151
Tucunaré (filé cru),1 pedaço médio,120,0,113,151
Tutu de feijão,1 colher de servir cheia,60,9,92,151
Uísque,1 dose,50,0,105,151
Umbu,1 unidade,30,3,11,152
Umbu (Polpa),1 unidade,100,8,36,152
Uramaki Filadelfia,1 unidade,20,16,81,152
Uramaki califórnia,1 unidade,20,10,47,152
Uramaki salmão,1 unidade,20,4,25,152
Uva Rubi,1 unidade,8,1,4,152
Uva Vitória,1 cacho pequeno,100,17,67,152
Uva itália (uva verde),1 unidade,8,1,5,152
Uva itália (uva verde),1 colher de sopa,30,"0,6",20,152
Uva Niágara - Comum,1 cacho pequeno,100,17,68,152
Uva passa Branca,1 colher de sopa,15,12,45,152
Uva passa escura,1 colher de sopa,15,12,44,152
Uva Thompson/Crinson,1 unidade,8,1,4,152
"Uva, geléia de",1 colher de sopa cheia,20,12,49,152
Uxi (polpa),1 porção média,100,38,252,152
Vaca atolada,1 concha média cheia,175,79,639,152
Vagem cozida,1 colher de sopa cheia,20,2,7,152
Vatapá,1 unidade,100,10,254,152
Vieiras,2 unidades grandes,30,1,26,152
Vinagre,1 colher de sopa cheia,15,0,2,152
Vinagre Balsâmico,1 colher de sopa cheia,15,3,14,152
Vinagrete,1 colher de sopa cheia,30,1,23,152
Vinho branco demisec,1 taça,150,5,21,152
Vinho branco seco,1 taça,150,1,99,152
Vinho Espumante Brut,1 taça,150,3,135,152
Vinho Espumante doce,1 taça,150,8,147,152
Vinho quente,1 copo,150,24,98,152
Vinho rosé,1 taça,150,2,107,153
Vinho Tinto Seco,1 taça,150,2,108,153
Vinho Tinto Suave,1 taça,150,5,111,153
Vitamina de Frutas com leite e açúcar,1 copo duplo cheio,240,36,223,153
Vitamina de Frutas com leite sem açúcar,1 copo duplo cheio,240,20,160,153
Vitela Assada,1 fatia grande,100,0,160,153
Vodka,1 dose,50,0,113,153
Waffer- média sabores,1 unidade,7,3,21,153
Waffle tradicional Forno de Minas®,1 1/2 unidade,50,19,161,153
Wasabi,1 colher de chá,5,2,13,153
Waxy Maze D-R (Black Skull),1 colher medida,40,38,152,153
Whey protein concentrado em pó Marcas,1 dosador,30,3,110,153
Whey protein hidrolisado em pó,1 dosador,30,2,105,153
Whey protein isolado em pó,1 dosador,30,2,112,153
Whisky (30 mL) + Energetico Comum (170 ml),1 copo,200,25,160,153
Whisky (30 mL) + Energético Zero (170 mL),1 copo,200,0,70,153
Whisky (39%),1 dose,50,0,137,153
Whopper JR® com queijo (Burguer King),1 unidade,0,31,464,153
Whopper® com queijo (Burguer King),1 unidade,0,52,757,153
Whopper® duplo com queijo (Burguer King),1 unidade,0,52,978,153
Wrap Chia e quinoa Pullman® (Rap 10),1 unidade,40,17,113,153
Wrap de salmão (Salad Creations),1 unidade,300,44,377,153
Wrap fit (Rap 10 Fit),1 unidade,33,17,83,154
Wrap Fit Pullman® (Rap 10),1 unidade,40,21,52,154
Wrap integral (Rap 10 fibras),1 unidade,33,14,90,154
Wrap integral Tá Pronto Wickbold®,1 unidade,40,17,98,154
Wrap original Tá Pronto Wickbold®,1 unidade,40,22,112,154
Wrap Proteina (Wickbold),1 e 1/2 unidade,50,22,132,154
Wrap sem Glúten (Casa Rigani),1 unidade,40,17,84,154
Wrap tradicional (Rap 10 original),1 unidade,33,15,90,154
Xilitol,1 colher de chá,3,3,8,154
Xilitol,1 Colher de Sopa,15,15,36,154
Xilitol,1 porção,100,99,238,154
Xinxim de galinha,1 porção,150,1,358,154
Yacon (batata),1 unidade/porção,100,12,44,154
Yakimeshi,1 porção,100,21,134,154
Yakisoba,1 porção média,120,22,146,154
Yakult,1 unidade,80,11,51,154
Yakult 40,1 unidade,80,11,51,154
Yakult 40 light,1 unidade,80,"3,5",30,154
YoPRO Bebida Láctea UHT 15g de proteínas®,1 unidade,250,19,158,154
YoPRO Bebida Láctea UHT 25g de proteínas®,1 unidade,250,13,188,154